id,progeny,FW_locA,FW_locB,FLW_T3_INRA,PlantH_T2_INRA,SSC_INRA,PH_INRA,FIR_INRA,FW_INRA,Colorb_INRA,Titrable acidity_INRA,FLW_T3_VCO,PlantH_T2_VCO,SSC_VCO,PH_VCO,FIR_VCO,FW_VCO
1,H10.101,42.764,37.51875,62,50,7.7,4.49,33.5,42.76,11.22,6.16,72,44,7.22,4.72,0.05,37.52
2,H10.102,67.903,38.958,63,75,7.9,4.33,38.5,67.9,10.72,5.51,65,44,6.47,4.57,0.04,38.96
3,H10.103,51.375,28.199,58,55,6.3,4.25,46.8,51.38,10.22,7.01,66,36,6.07,4.37,0.04,28.2
4,H10.105,45.694,21.287,60,40,5.2,4.11,50.3,45.69,9.67,7.78,64,NA,5.88,4.28,0.04,21.29
5,H10.106,29.24,15.84818182,58,50,6.9,4.08,47.68,29.24,7.17,8.99,62,37,7.33,4.27,0.04,15.85
6,H10.107,25.54,17.56,59,60,8.1,4.24,32.56,25.54,9.39,5.36,71,58,7.27,4.9,0.03,17.56
7,H10.108,26.92545455,18.26083333,57,60,7.2,4.45,41.82,26.93,10.15,4.84,62,47,7.1,4.57,0.05,18.26
8,H10.109,38.66,13.02625,59,40,7,4.28,39.3,38.66,9.68,6.64,NA,20,5.15,4.58,0.04,13.03
9,H10.110,56.456,34.793,62,40,6.1,4.33,40.7,56.46,12.9,6.08,69,48,6.1,4.38,0.05,34.79
10,H10.111,40.601,26.626,59,60,7.9,4.08,41.5,40.6,8.16,7.54,67,54,8.63,4.37,0.05,26.63
11,H10.112,50.83,63.92,76,90,6.8,4.22,46.78,50.83,10.02,7.86,79,62,5.6,4.7,0.05,63.92
12,H10.113,40.946,39.763,55,35,6.6,3.99,46.9,40.95,7.66,9.22,63,29,7.56,4.44,0.04,39.76
13,H10.114,23.45538462,15.783,54,30,5.3,4.29,33.69,23.46,8.59,6.54,60,32,6,4.23,0.04,15.78
14,H10.115,23.82777778,19.944,58,30,6,4.28,31.89,23.83,7.02,6.8,63,35,6.17,4.67,0.04,19.94
15,H10.116,40.766,41.627,57,50,7.3,4.58,50.1,40.77,10.24,4.77,63,43,6.38,4.75,0.05,41.63
16,H10.117,33.143,19.915,61,50,7,4.25,44.2,33.14,5.94,6.22,69,36,7.08,4.53,0.04,19.92
17,H10.118,166.6828571,84.538,65,70,6,4.53,48.71,166.68,11.58,4.9,72,68,5.03,4.77,0.04,84.54
18,H10.119,56.514,21.72916667,58,45,7.1,4.22,50,56.51,10.82,5.67,64,42,6.43,4.48,0.05,21.73
19,H10.120,48.603,34.158,61,40,6.7,4.58,49.5,48.6,12.8,4.56,65,33,5.27,4.73,0.05,34.16
20,H10.122,70.763,36.309,59,40,6,4.33,51.5,70.76,11.36,6.19,64,37,5.5,4.42,0.05,36.31
21,H10.123,37.629,26.175,56,40,4.2,3.89,50.4,37.63,13.51,7.07,67,54,7.2,4.13,0.05,26.18
22,H10.124,62.593,31.169,56,30,6.4,4.37,41.8,62.59,9.63,5.35,60,30,7.15,4.3,0.04,31.17
23,H10.125,60.442,25.022,55,65,6.2,4.23,50.7,60.44,11.46,5.14,59,40,8.67,4.23,0.05,25.02
24,H10.128,68.476,33.081,61,55,6.5,4.07,36.8,68.48,8.34,7.55,65,46,6.15,4.45,0.04,33.08
25,H10.129,52.553,41.27,70,45,6.8,4.28,52.7,52.55,8.07,6.33,69,35,6.55,4.6,0.05,41.27
26,H10.130,77.154,43.913,65,50,6.1,4.27,46,77.15,12.04,5.14,67,37,7.3,4.63,0.04,43.91
27,H10.131,59.566,40.258,62,50,6,4.15,41,59.57,10.99,5.75,72,36,7.4,4.23,0.05,40.26
28,H10.132,75.175,50.9125,57,35,5.3,4.26,51.4,75.18,15.33,5.9,66,33,5.68,4.53,0.04,50.91
29,H10.133,75.925,47.018,57,40,5.7,4.41,47.5,75.93,10.49,4.69,66,34,5.27,4.6,0.04,47.02
30,H10.134,25.719,27.16166667,59,50,6.9,3.97,33.5,25.72,7.63,9.37,67,46,7.1,4.27,0.04,27.16
31,H10.135,30.716,30.647,62,45,7.3,4.34,36.5,30.72,7.25,7.66,70,39,6.63,4.57,0.03,30.65
32,H10.136,13.124,11.348,57,30,7.9,4.09,38.2,13.12,8.41,9.66,64,30,7.1,4.43,0.04,11.35
33,H10.137,28.362,29.415,65,45,5.7,4.23,34.5,28.36,8.11,5.93,62,36,7,4.7,0.03,29.42
34,H10.138,20.1,9.726666667,56,30,4.9,4.19,39,20.1,12.83,6.11,58,NA,7.7,4.4,0.04,9.73
35,H10.139,35.631,28.30916667,56,55,8.2,4.39,48.6,35.63,9.81,5.2,70,53,7.47,5.03,0.05,28.31
36,H10.140,57.029,27.722,59,40,5.2,4.45,49.2,57.03,9.75,4.49,63,43,5.05,4.68,0.04,27.72
37,H10.141,62.004,42.96,63,50,7.1,4.37,47.3,62,11.21,7.49,69,40,7.03,4.47,0.04,42.96
38,H10.142,37.52454545,25.12777778,55,35,5.5,4.26,38.36,37.52,10.99,8.14,67,36,5.9,4.7,0.04,25.13
39,H10.143,50.285,39.535,66,45,5.1,4.18,63.3,50.29,10.54,5.47,70,47,6.05,4.45,0.06,39.54
40,H10.144,67.641,48.778,62,50,4.4,4.42,55.7,67.64,11.86,4.2,70,39,5,4.6,0.04,48.78
41,H10.145,64.251,37.292,62,50,7.4,4.35,49.8,64.25,10.38,6.97,72,47,6.84,4.38,0.04,37.29
42,H10.146,45.9575,45.306,56,35,4.2,4.14,50.25,45.96,10.52,7.24,67,42,5.78,4.5,0.05,45.31
43,H10.147,32.607,15.69555556,64,55,6.4,4.34,35.3,32.61,9.04,6.99,69,40,7.38,4.8,0.03,15.7
44,H10.148,41.07,24.492,56,40,5,4.19,38.5,41.07,13.67,5.81,69,60,6.75,4.7,0.05,24.49
45,H10.149,75.888,37.387,62,60,6.2,4.45,45.1,75.89,9.72,5,66,48,7.03,4.6,0.05,37.39
46,H10.150,38.671,27.559,64,90,6,4.43,42.3,38.67,10.28,4.21,69,43,7.07,4.47,0.05,27.56
47,H10.151,41.28466667,36.208,53,30,6.9,4.17,39.07,41.28,7.89,9.81,63,24,7.23,4.53,0.04,36.21
48,H10.152,62.00857143,53.503,57,50,7.2,4.2,43.21,62.01,9.27,8.31,69,41,7.43,4.75,0.04,53.5
49,H10.153,43.485,27.092,62,55,5.7,4.15,35.6,43.49,7.12,7.88,69,35,5.67,4.53,0.03,27.09
50,H10.155,158.564,55.694,62,60,4.8,4.13,45.1,158.56,11.33,5.92,74,46,6.07,4.47,0.04,55.69
51,H10.156,84.376,39.69909091,66,65,5.2,4.21,44.3,84.38,11.18,5.39,69,45,7,4.3,0.05,39.7
52,H10.158,31.54142857,32.839,62,55,4.6,3.88,52.14,31.54,11.8,7.98,77,50,7.7,4.33,0.06,32.84
53,H10.159,34.893,24.769,65,65,7.2,4.43,37.2,34.89,7.47,4.77,72,54,6.9,4.7,0.04,24.77
54,H10.161,63.2725,37.149,62,65,6.6,4.35,44.08,63.27,9.39,4.82,70,51,5.25,4.53,0.05,37.15
55,H10.162,55.25,58.58142857,65,50,5.8,4.16,44.7,55.25,11.38,7.23,74,43,6.4,4.4,0.05,58.58
56,H10.163,38.948,24.892,59,45,6.6,4.22,43,38.95,8.6,6.69,65,37,6.97,4.6,0.04,24.89
57,H10.164,67.412,58.401,60,50,6.1,4.01,52.2,67.41,9.8,9.55,72,52,8,4.27,0.05,58.4
58,H10.165_65,35.515,36.304,59,65,7.1,4.36,47.1,35.52,9.55,5.18,65,44,6.58,4.65,0.05,36.3
59,H10.165_66,41.258,31.472,66,50,5.2,4.12,43.3,41.26,8.3,5.46,74,74,6.88,4.44,0.05,31.47
60,H10.166,16.49571429,18.686,59,50,5.9,4.15,35.64,16.5,9.85,5.76,62,39,5.9,4.57,0.05,18.69
61,H10.167,50.282,40.14888889,55,40,5.1,4.25,44.3,50.28,14.1,5.77,63,36,4.98,4.45,0.04,40.15
62,H10.168,49.10153846,25.64416667,56,50,8.1,4.35,35.64,49.1,9.79,5.1,62,28,7.93,4.75,0.05,25.64
63,H10.169,46.819,65.426,56,45,6.7,4.23,41.2,46.82,13.89,7.03,67,40,5.25,4.7,0.05,65.43
64,H10.170,37.32833333,30.997,56,45,8,4.3,36.8,37.33,7.22,5.58,63,38,9.85,4.4,0.05,31
65,H10.171,144.54,50.653,65,65,4.4,4.64,61.67,144.54,15.81,5.55,69,49,6.47,4.5,0.05,50.65
66,H10.172,16.735,15.748,56,35,6.5,4.23,32.13,16.74,9.06,8.98,64,44,7.13,4.58,0.03,15.75
67,H10.174,37.06133333,27.848,56,25,5.9,4.26,42.31,37.06,9.97,6.47,62,30,6.2,4.4,0.04,27.85
68,H10.175,47.5,42.98666667,62,45,6.4,4.23,43,47.5,10.75,6.72,69,30,6.42,4.52,0.04,42.99
69,H10.176,22.22083333,18.929,54,45,5.8,4.32,30.75,22.22,5.54,5.03,67,48,7.23,4.77,0.04,18.93
70,H10.177,35.95833333,28.355,54,35,7.4,4.3,39.92,35.96,10.82,5.13,65,44,6.8,4.43,0.05,28.36
71,H10.178,54.093,42.133,58,50,6.9,4.27,27.3,54.09,9.34,7.97,69,44,7.5,4.5,0.04,42.13
72,H10.179,41.018,35.253,63,50,6.4,4.35,45.5,41.02,12.17,5.51,71,39,6.73,4.68,0.04,35.25
73,H10.180,42.09636364,20.919,56,35,6,4.39,44.27,42.1,8.81,6.48,67,36,4.08,4.86,0.04,20.92
74,H10.181,50.42153846,30.943,60,45,6.4,4.24,41.23,50.42,7.64,6.84,69,40,6.6,4.6,0.04,30.94
75,H10.182,39.93909091,27.62857143,59,45,5.6,4.26,34.27,39.94,8.83,5.46,62,37,5.83,4.28,0.04,27.63
76,H10.183,89.31,36.175,66,35,6.1,4.33,51.7,89.31,10.5,5.96,66,34,6.08,4.4,0.04,36.18
77,H10.185,27.96833333,20.239,59,55,7.3,4.45,46.67,27.97,11.27,5.06,69,36,8.1,4.87,0.04,20.24
78,H10.186,49.148,40.893,57,45,6.2,4.1,55.9,49.15,10.58,7.38,64,43,6.63,4.7,0.05,40.89
79,H10.187,57.189,38.702,59,45,5.4,4.52,44.8,57.19,10.07,4.92,63,40,6.53,4.67,0.05,38.7
80,H10.188,44.251,28.533,56,40,5.5,4.43,49.7,44.25,13.99,4.18,64,25,7.33,4.58,0.05,28.53
81,H10.189,32.466,NA,66,65,5.5,4.43,48.8,32.47,9.33,4.36,69,38,NA,NA,NA,NA
82,H10.192,56.96153846,60.228,62,50,5.2,4.06,42.46,56.96,10.38,7.99,71,35,6.58,4.4,0.04,60.23
83,H10.193,64.705,55.833,63,50,6.7,4.18,56.2,64.71,12.26,7.23,72,42,6.33,4.5,0.05,55.83
84,H10.194,33.79,15.183,59,60,6.6,4.22,33,33.79,10.09,5.03,67,43,5.9,4.53,0.04,15.18
85,H10.196,34.22166667,24.069,58,60,6.9,4.06,43.33,34.22,8.75,7.44,65,42,6.12,4.5,0.04,24.07
86,H10.197,40.49636364,20.993,62,75,7,4.2,41.45,40.5,7.78,6.57,69,54,7.97,4.53,0.05,20.99
87,H10.198,43.50666667,33.059,57,45,6.6,4.02,44.83,43.51,8.68,9.1,65,46,6.07,4.4,0.04,33.06
88,H10.199,37.809,43.85,63,60,7.4,4.16,38.1,37.81,9.46,6.27,69,NA,5.9,4.3,0.03,43.85
89,H10.200,57.532,45.582,60,50,5.1,4.14,36.2,57.53,9.69,7,69,44,5.7,4.5,0.04,45.58
90,H10.201,46.986,26.507,63,75,7,4.34,43.7,46.99,10.62,5.4,66,53,6.92,4.46,0.05,26.51
91,H10.202,48.13636364,37.202,59,50,4.8,4.37,35.64,48.14,10.43,5.34,63,42,6.27,4.67,0.04,37.2
92,H10.203,40.87571429,34.538,65,75,6.9,4.13,38.79,40.88,10.33,6.72,69,57,6.93,4.3,0.04,34.54
93,H10.204,28.38285714,22.046,58,40,5.9,4.21,50.71,28.38,8.28,6.07,65,35,5.7,4.63,0.05,22.05
94,H10.205,47.209,41.852,66,45,6.3,4.38,42.8,47.21,9.58,5.47,76,61,5.3,4.5,0.04,41.85
95,H10.206,22.76333333,15.238,62,60,7,4.11,30.17,22.76,9.05,7.38,70,51,8.1,4.43,0.04,15.24
96,H10.207,40.013,37.15142857,63,50,6.6,4.32,32.1,40.01,5.9,6.1,76,48,7.23,4.47,0.04,37.15
97,H10.208,35.87,25.76,56,40,6.3,4.28,41.8,35.87,9.6,8.06,65,38,8.1,4.3,0.04,25.76
98,H10.209,42.606,24.016,56,40,6.8,4.22,36.6,42.61,9.5,7.26,66,48,5.6,4.43,0.04,24.02
99,H10.210,37.44818182,25.18266667,61,50,6.4,4.17,48.82,37.45,12.15,6,66,34,7.18,4.42,0.05,25.18
100,H10.211,25.55833333,15.929,57,50,8,4.34,44.25,25.56,9.34,6.64,69,48,9.18,4.6,0.05,15.93
101,H10.213,36.802,39.896,66,70,8.8,4.4,48.8,36.8,9.68,6.83,69,41,6.4,4.7,0.04,39.9
102,H10.214,52.785,40.364,57,50,6.2,4.17,48.6,52.79,9.76,8.65,63,36,7.16,4.46,0.05,40.36
103,H10.215,36.15153846,25.85,55,45,6.2,4.15,42,36.15,10.82,9.64,69,33,6.3,4.2,0.04,25.85
104,H10.216,37.82285714,30.582,59,55,7.2,4.2,33.5,37.82,7.4,7.17,62,46,6.87,4.6,0.03,30.58
105,H10.217,60.26,38.709,59,60,7.3,4.51,43.1,60.26,8.55,6.25,67,39,7.07,4.53,0.04,38.71
106,H10.218,31.901,23.88111111,66,40,7.4,4.23,45.1,31.9,10.41,7.05,70,36,8.4,4.57,0.05,23.88
107,H10.219,20.672,26.605,61,40,9,4.33,40.47,20.67,8.84,7.46,69,53,7.2,4.73,0.04,26.61
108,H10.220,43.27666667,29.687,66,55,6.6,4.29,38.83,43.28,6.81,5.36,69,41,5.63,4.5,0.04,29.69
109,H10.221,38.275,33.905,65,50,5.8,4.4,43.3,38.28,9.3,5.66,69,42,4.38,4.8,0.04,33.91
110,H10.222,29.962,25.062,62,70,7.6,4.34,50.5,29.96,7.91,5.65,67,54,7.12,4.82,0.05,25.06
111,H10.223,31.76846154,29.103,65,60,6.7,4.38,52.46,31.77,9.19,5.43,66,44,6.25,4.7,0.04,29.1
112,H10.225,76.898,29.7775,63,50,5.8,4.38,54.9,76.9,10.79,6.8,72,44,5.67,4.83,0.05,29.78
113,H10.226,26.01461538,44.838,58,50,5.7,4.38,34.62,26.01,7.49,4.74,64,30,5.77,4.7,0.04,44.84
114,H10.227,65.608,46.62285714,63,50,6.7,4.45,47.5,65.61,10.07,5.48,71,46,5.7,4.68,0.04,46.62
115,H10.229,40.0875,33.61428571,61,35,6.6,4.07,54.5,40.09,12.68,9.56,69,29,5.83,4.43,0.05,33.61
116,H10.230,53.031,54.262,56,35,5.3,4.32,47.1,53.03,12.35,5.18,64,29,5.63,4.58,0.05,54.26
117,H10.231,91.275,49.85,58,50,5.9,4.47,60.3,91.28,11.22,4.75,66,43,6.82,4.5,0.05,49.85
118,H10.232,30.545,26.548,59,75,9.5,4.38,43.33,30.55,12.49,6.64,66,61,8.33,4.73,0.04,26.55
119,H10.233,37.11818182,35.503,60,45,7.4,4.45,42.64,37.12,8.78,5.22,65,35,6.5,4.57,0.04,35.5
120,H10.234,51.719,33.991,61,45,5.8,4.32,46.6,51.72,7.88,7.64,72,34,4.68,4.4,0.05,33.99
121,H10.235,50.88454545,40.523,66,50,7.2,4.22,42.64,50.88,11.25,7.1,74,48,6.67,4.3,0.04,40.52
122,H10.236,33.62,20.186,62,60,8.9,4.38,28.42,33.62,3.89,6.16,74,57,10.93,4.7,0.03,20.19
123,H10.237,48.267,37.261,72,50,5.8,4.31,58.3,48.27,8.91,5.5,70,51,6.23,4.7,0.05,37.26
124,H10.238,21.44076923,19.81733333,53,35,6.6,4.31,35.54,21.44,5.85,6.05,59,30,7.1,4.55,0.05,19.82
125,H10.239,52.872,30.051,56,50,7.2,4.16,48.2,52.87,10.56,6.12,64,38,6.57,4.43,0.05,30.05
126,H10.240,36.364,23.957,62,50,5.4,4.26,46.4,36.36,8.32,5.91,64,36,5.5,4.5,0.03,23.96
127,H10.241,30.57416667,17.856,57,50,5.8,4.09,45.33,30.57,9.02,6.23,64,30,7.43,4.47,0.04,17.86
128,H10.242,43.70916667,27.60538462,56,50,6,4.11,39.83,43.71,7.4,7.11,65,42,8.1,4.47,0.05,27.61
129,H10.243,28.6025,17.27733333,53,35,6.7,3.98,43.56,28.6,9.84,8.38,59,26,6.13,4.23,0.04,17.28
130,H10.244,10.92307692,10.106,58,40,4.4,4.27,38,10.92,10.04,6.75,62,NA,6,4.78,0.03,10.11
131,H10.245,33.635,NA,59,40,5.4,4.15,46.92,33.64,12.64,5.76,NA,NA,NA,NA,NA,NA
132,H10.246,78.76230769,46.966,55,50,4.3,4.24,48.85,78.76,13.96,5.65,61,41,6.4,4.55,0.05,46.97
133,H10.247,48.659,30.023,62,40,6.3,4.5,44.7,48.66,15.06,4.14,69,33,6.1,4.37,0.05,30.02
134,H10.249,34.12,30.913,57,50,5.3,4.27,25.25,34.12,10.46,4.99,68,53,5.8,4.63,0.03,30.91
135,H10.250,42.941,15.926,59,45,6.2,4.18,56.5,42.94,9.27,4.8,65,40,5.3,4.45,0.04,15.93
136,H10.251,31.948,NA,59,50,6.8,4.31,32.93,31.95,12.18,5.97,63,NA,NA,NA,NA,NA
137,H10.253,54.65153846,30.256,56,40,7.3,4.18,44.38,54.65,9.54,6.58,66,37,7.23,4.53,0.05,30.26
138,H10.254,59.769,33.804,58,50,7.8,4.22,37.9,59.77,9.73,7.06,67,50,6.93,4.5,0.04,33.8
139,H10.255,28.41615385,15.07375,61,50,6,4.22,49.31,28.42,8.76,6.29,69,51,5,4.45,0.04,15.07
140,H10.256,33.194,27.909,65,70,7.5,4.38,54,33.19,8.87,5.62,70,46,7.6,4.77,0.06,27.91
141,H10.257,56.55166667,27.306,62,50,5.6,4.19,47.08,56.55,6.97,6.06,65,44,6.67,4.53,0.05,27.31
142,H10.259,50.47083333,42.14,68,75,6.5,4.14,45.33,50.47,10.24,7.98,76,71,6.2,4.5,0.04,42.14
143,H10.261,68.399,17.5,63,45,6.1,4.11,41,68.4,8.83,7.48,69,39,4.85,4.5,0.04,17.5
144,H10.263,33.17214286,21.76272727,56,35,6.5,4.35,40.86,33.17,10.08,5.6,62,35,6.17,4.47,0.04,21.76
145,H10.265,76.191,80.595,57,50,3.7,4.31,53.7,76.19,12.85,4.81,69,44,4.66,4.58,0.05,80.6
146,H10.27,13.935,12.025,66,60,7.6,4.35,44.5,13.94,8.81,6.47,72,45,5.97,4.6,0.04,12.03
147,H10.29,83.766,37.236,58,40,6.6,4.14,46,83.77,11.81,7.18,73,53,7.53,4.6,0.04,37.24
148,H10.31,47.067,23.33375,66,70,6.4,4.26,50.6,47.07,14.13,7.61,71,59,5.7,4.6,0.04,23.33
149,H10.32,87.297,44.321,59,50,6.1,4.32,41.4,87.3,12.24,7.21,69,43,7.37,4.63,0.05,44.32
150,H10.33,40.494,40.949,66,35,8.5,4.27,51.9,40.49,10.12,9.15,72,38,6.83,4.57,0.05,40.95
151,H10.34,57.219,72.919,60,55,6.5,4.15,50.9,57.22,12.49,8,66,29,5.3,4.45,0.04,72.92
152,H10.35,29.423,33.76,61,60,7.9,4.23,43.9,29.42,10.53,6.39,72,61,7.38,4.38,0.05,33.76
153,H10.36,73.276,75.211,65,60,5.7,4.23,43.6,73.28,10.84,7.21,69,59,4.87,4.53,0.05,75.21
154,H10.37,28.143,22.313,67,60,8.6,4.09,45,28.14,12.19,7.19,72,41,7.36,4.5,0.05,22.31
155,H10.38,76.825,40.363,61,60,7.8,4.11,61,76.83,13.46,6.83,69,45,8.33,4.53,0.05,40.36
156,H10.39,103.6975,17.71333333,61,30,6,4.5,52.25,103.7,12.12,5.24,72,42,5.05,4.95,0.05,17.71
157,H10.40,24.56846154,28.44266667,54,35,5.3,4.11,40.23,24.57,8.34,7.48,59,38,6.33,4.33,0.05,28.44
158,H10.41,51.965,37.64,58,60,6.6,4.65,42.7,51.97,9.46,4.15,69,61,6.65,4.93,0.03,37.64
159,H10.42,47.24,27.631,65,70,5.5,4.26,42.42,47.24,9.59,5.72,69,46,5.98,4.54,0.04,27.63
160,H10.43,45.452,29.344,59,35,7.6,4.27,47.2,45.45,8.65,7.63,72,36,6.93,4.67,0.05,29.34
161,H10.44,36.676,40.79076923,66,60,7.5,4.15,56.9,36.68,11.09,7.84,69,46,6.1,4.43,0.05,40.79
162,H10.46,45.7325,40.965,59,45,6.8,4.25,41.75,45.73,11.1,7.05,63,36,6.63,4.55,0.04,40.97
163,H10.47,57.169,42.605,56,40,6.5,4.3,45.4,57.17,11.19,5.76,69,36,7.87,4.5,0.05,42.61
164,H10.48,28.42416667,23.846,65,35,6.2,4.25,49.33,28.42,12.03,6.48,69,37,5.77,4.67,0.04,23.85
165,H10.49,24.656,19.87333333,53,40,7,4.36,26.4,24.66,8.32,5.72,62,39,6.38,4.6,0.04,19.87
166,H10.50,40.48166667,42.533,60,45,6,4.28,50.83,40.48,11.1,7.02,66,33,4.88,4.55,0.05,42.53
167,H10.51,12.636,NA,66,NA,5.5,4.57,32.6,12.64,10.91,7.22,NA,NA,NA,NA,NA,NA
168,H10.52,39.70916667,31.1,57,60,9.1,4.25,52.17,39.71,13.01,7.8,65,45,7.7,4.27,0.04,31.1
169,H10.53,55.05928571,59.761,58,40,5.7,4.21,59.36,55.06,12.89,5.33,70,46,4.93,4.47,0.06,59.76
170,H10.54,80.634,47.241,66,50,6,4.31,47,80.63,7.64,6.31,70,46,5.03,4.53,0.04,47.24
171,H10.55,17.88,27.82666667,NA,NA,NA,NA,48.67,17.88,10.07,NA,69,36,7.03,4.3,0.04,27.83
172,H10.56,30.56083333,19.803,56,45,7.4,4.34,56.17,30.56,11.14,5.07,67,46,5.7,4.5,0.04,19.8
173,H10.57,47.252,20.17,56,40,6.5,4.04,50.4,47.25,10.49,7.56,62,44,6.73,4.33,0.05,20.17
174,H10.58,59.72083333,52.325,65,60,5.9,4.45,40.92,59.72,11.8,4.2,72,39,5.55,4.65,0.04,52.33
175,H10.59,37.843,23.6,60,65,6.8,4.47,48.1,37.84,8.56,5.34,72,36,6.68,4.5,0.04,23.6
176,H10.60,34.43333333,14.3,61,60,8.4,4.12,33.67,34.43,7.84,9.41,66,57,7.5,4.28,0.04,14.3
177,H10.61,53.40875,19.424,59,45,6.5,4.27,51.75,53.41,9.38,6.68,67,52,5.67,4.63,0.05,19.42
178,H10.62,40.48666667,20.84454545,54,50,6.4,4.31,45.73,40.49,9.7,6.12,61,36,6.28,4.46,0.05,20.84
179,H10.63,18.09272727,16.47,72,65,7,4.14,59.91,18.09,8.45,7.67,79,45,5.7,4.55,0.05,16.47
180,H10.64,50.26454545,31.55076923,55,35,6.6,4.25,53.18,50.26,12.15,6.59,63,37,5.95,4.43,0.04,31.55
181,H10.65,58.73,33.38,60,50,6.8,4.11,34.1,58.73,8.08,6.72,70,65,5.6,4.73,0.03,33.38
182,H10.66,39.36857143,32.62076923,55,40,6.3,4.24,34.43,39.37,7.28,6.88,64,32,6.4,4.44,0.04,32.62
183,H10.67,45.36428571,61.028,67,60,6.5,4.5,56.57,45.36,11.37,4.91,81,45,5.27,4.67,0.05,61.03
184,H10.69,54.189,44.623,62,65,7.4,4.26,40.8,54.19,10.93,6.48,69,51,6,4.5,0.04,44.62
185,H10.70,38.588,33.696,69,60,6.2,4.16,52.2,38.59,10.76,8.18,69,46,5.73,4.58,0.05,33.7
186,H10.71,93.432,47.56142857,62,60,5.7,4.38,37.9,93.43,9.89,5.94,72,61,6,4.58,0.05,47.56
187,H10.72,29.155,25.29,53,35,5.7,4.06,50.5,29.16,9.72,7.54,62,32,6.17,4.37,0.05,25.29
188,H10.73,51.313,41.425,70,50,6.4,4.2,38.8,51.31,11.54,6.96,81,45,6.6,4.58,0.05,41.43
189,H10.74,51.776,35.578,69,70,6.3,4.32,35.7,51.78,13.02,5.01,69,42,5.43,4.63,0.04,35.58
190,H10.75,34.652,31.037,57,55,6.8,4.33,48.4,34.65,10.5,5.21,69,56,5.73,4.57,0.05,31.04
191,H10.76,74.16166667,69.97,64,70,5.5,4.11,44.67,74.16,12.04,6.07,66,45,6.33,4.28,0.04,69.97
192,H10.77,57.3,34.219,59,50,6.3,4.15,47.1,57.3,9.37,5.52,69,35,6.8,4.38,0.04,34.22
193,H10.78,49.909,62.147,70,75,6,4.05,38.3,49.91,10.63,8.51,69,47,5.98,4.35,0.03,62.15
194,H10.79,73.595,34.308,58,35,5.5,4.11,44,73.6,11.09,6.34,65,37,5.8,4.4,0.05,34.31
195,H10.81,19.96333333,17.67,62,55,8.3,4.36,26.75,19.96,8.92,6.87,66,30,7.87,4.7,0.03,17.67
196,H10.82,21.89733333,17.15153846,58,60,8.7,4.21,43.73,21.9,6.07,7.58,65,58,7.76,4.44,0.04,17.15
197,H10.83,19.77363636,16.46181818,61,45,8.2,4.32,29.82,19.77,7.07,7.34,65,30,7.08,4.73,0.03,16.46
198,H10.84,39.694,17.818,53,57,6.5,4.24,40.1,39.69,9.04,5.65,58,51,6.9,4.38,0.04,17.82
199,H10.85,44.757,41.837,59,50,7.5,4.36,43.3,44.76,8.57,5.41,69,32,7.8,4.53,0.04,41.84
200,H10.86,48.62,30.3475,66,70,7.2,4.28,45.9,48.62,10.49,6.18,67,41,6.58,4.46,0.05,30.35
201,H10.87,32.535,18.807,55,40,6.1,4.22,57.5,32.54,9.34,6.59,66,45,5.28,4.48,0.05,18.81
202,H10.88,30.49583333,29.96833333,62,50,6.2,4.08,45.5,30.5,6.32,9,66,39,5.78,4.48,0.04,29.97
203,H10.89,42.92444444,26.234,62,45,7,4.25,40.67,42.92,9.21,7.57,71,38,7.67,4.27,0.04,26.23
204,H10.90,30.328,NA,59,60,6.1,4.12,44.5,30.33,10.66,6.09,NA,NA,NA,NA,NA,NA
205,H10.91,39.117,28.523,60,55,6.6,4.23,40.9,39.12,9.96,6.41,65,40,6.83,4.45,0.04,28.52
206,H10.92,70.879,85.94,58,40,4.7,4.25,36.3,70.88,9.71,6.2,69,42,6.3,4.47,0.05,85.94
207,H10.93,38.17454545,40.273,55,45,6.9,4.15,32.18,38.17,8.27,6.93,63,39,7.05,4.48,0.03,40.27
208,H10.94,23.549,15.999,57,60,4.8,4.18,39.6,23.55,9.64,4.96,65,51,4.8,4.7,0.04,16
209,H10.96,40.03,24.96571429,56,45,5.1,4.17,42.86,40.03,5.35,4.95,62,37,5.12,4.4,0.04,24.97
210,H10.97,38.779,36.94,59,40,5.3,3.99,51.8,38.78,11.61,7.65,69,32,5.73,4.3,0.05,36.94
211,H10.98,27.038125,21.546,58,35,7,4.3,32.25,27.04,9.73,8.17,63,44,5.5,4.45,0.04,21.55
212,H10.99,21.012,20.23,66,55,6,4.1,48.4,21.01,8.96,7.91,76,58,6.57,4.27,0.04,20.23
213,MagicTomSNP.10,44.152,43.431,68,40,6.9,4.18,40.1,44.15,10.39,6.77,72,39,7.45,4.3,0.04,43.43
214,MagicTomSNP.102,62.202,37.262,56,35,5.4,4.47,54.7,62.2,14.12,4.09,67,49,8.47,4.7,0.04,37.26
215,MagicTomSNP.106,40.354,20.88416667,59,55,5.7,4.14,57.4,40.35,13.16,6.01,65,36,6.03,4.57,0.04,20.88
216,MagicTomSNP.107,41.622,32.776,57,35,6.6,4.2,59.4,41.62,10.92,9.08,76,41,5.57,4.57,0.05,32.78
217,MagicTomSNP.108,55.912,39.812,62,40,6,4.2,39.7,55.91,12.76,5.86,67,25,5.83,4.33,0.03,39.81
218,MagicTomSNP.11,38.45,26.96416667,59,50,5.2,4.28,33.21,38.45,7.71,6.53,63,37,7.67,4.4,0.03,26.96
219,MagicTomSNP.110,21.49357143,24.628,56,40,6.4,4.27,32.36,21.49,10.32,6.15,62,33,6.58,4.55,0.03,24.63
220,MagicTomSNP.111,45.396,27.455,66,45,6.2,3.98,49.1,45.4,9.13,8.31,75,44,6.27,4.37,0.05,27.46
221,MagicTomSNP.112,133.239,103.614,63,60,5.5,4.35,57.5,133.24,14.7,5.47,73,35,5.7,4.43,0.05,103.61
222,MagicTomSNP.113,55.30363636,42.59,62,50,5.5,4.23,60.55,55.3,13.14,5.16,70,32,5.53,4.43,0.05,42.59
223,MagicTomSNP.114,55.45727273,31.678,63,55,2.9,4.4,58.09,55.46,11.38,4.76,69,53,5.33,4.43,0.06,31.68
224,MagicTomSNP.116,66.08,42.324,67,55,5.9,4.28,50.5,66.08,10.6,6.32,70,45,6.23,4.38,0.05,42.32
225,MagicTomSNP.117,34.67307692,21.7,62,60,6.8,4.4,44.08,34.67,9.36,5.55,64,48,7.57,4.6,0.05,21.7
226,MagicTomSNP.118,39.385,55.2,66,55,6,4.4,46.5,39.39,10.9,6.44,66,45,6.17,4.5,0.05,55.2
227,MagicTomSNP.12,51.623,17.50272727,59,50,5.8,4.18,51.5,51.62,11.04,7,67,42,6.97,4.37,0.05,17.5
228,MagicTomSNP.120,49.58166667,51.545,61,35,6.4,4.19,40,49.58,10.29,6.65,69,38,7.18,4.48,0.04,51.55
229,MagicTomSNP.122,61.436,45.007,61,45,6,4.51,58.9,61.44,11.08,4.17,62,37,5.77,4.73,0.05,45.01
230,MagicTomSNP.124,53.37222222,29.871,56,35,6.9,4.33,50.44,53.37,8.94,5.76,67,41,7.4,4.5,0.05,29.87
231,MagicTomSNP.128,17.75307692,10.73666667,54,30,7.8,4.17,50.38,17.75,10.71,6.82,62,29,7.07,4.4,0.04,10.74
232,MagicTomSNP.129,55.58333333,32.368,59,50,6.3,4.38,46.5,55.58,8.84,5.57,64,44,6.4,4.6,0.04,32.37
233,MagicTomSNP.130,29.96142857,19.99833333,62,70,6,4.18,41.29,29.96,8.71,7.44,63,36,6.23,4.57,0.04,20
234,MagicTomSNP.131,13.26375,16.88333333,63,60,8.6,4.35,58.25,13.26,15.12,7.71,70,45,7.15,4.65,0.04,16.88
235,MagicTomSNP.132,24.803,29.52,62,50,6.8,4.47,40.8,24.8,8.62,6.14,69,38,6.07,4.7,0.04,29.52
236,MagicTomSNP.133,25.15333333,27.631,55,40,7.2,4.17,34.4,25.15,9.23,6.84,66,41,7.57,4.53,0.03,27.63
237,MagicTomSNP.134,19.45818182,18.188,63,65,8.4,4.49,44.09,19.46,11.71,5.82,64,47,7.98,4.63,0.05,18.19
238,MagicTomSNP.135,34.685625,20.474,60,50,5.7,4.37,37.75,34.69,10.02,6.2,69,49,7.97,4.5,0.05,20.47
239,MagicTomSNP.138,33.43636364,24.831,61,70,8,4.26,40.55,33.44,6.83,6.81,72,56,7.53,4.45,0.05,24.83
240,MagicTomSNP.140,31.714,29.047,60,60,6,4.47,38.1,31.71,7.59,5.45,67,49,6.43,5,0.05,29.05
241,MagicTomSNP.141,50.803,35.283,61,50,7.7,4.51,57.8,50.8,8.53,5.5,69,42,7.83,4.83,0.06,35.28
242,MagicTomSNP.142,34.954,25.501,65,60,6.8,4.37,47,34.95,10.72,6.54,72,48,7.93,4.6,0.04,25.5
243,MagicTomSNP.143,46.11625,46.662,60,70,6.5,4.39,46.94,46.12,10,5.72,70,49,6.28,4.58,0.04,46.66
244,MagicTomSNP.144,58.1,40.873,61,50,7.7,4.35,43,58.1,10.03,5.95,65,37,7.8,4.5,0.04,40.87
245,MagicTomSNP.145,35.25166667,22.564,66,65,7,4.29,52.83,35.25,8.76,5.41,70,35,7.17,4.6,0.04,22.56
246,MagicTomSNP.148,49.21142857,21.815,57,40,6.8,4.2,50.33,49.21,10.76,9.8,61,29,6,4.77,0.04,21.82
247,MagicTomSNP.149,27.11071429,27.39416667,57,50,5.1,4.21,34.93,27.11,8.95,6.76,66,45,6.33,4.68,0.04,27.39
248,MagicTomSNP.151,46.808,37.323,66,65,6.8,4.28,46.6,46.81,7.44,5.71,70,47,6.25,4.5,0.05,37.32
249,MagicTomSNP.152,66.04416667,50.09,62,60,6.5,4.11,45.25,66.04,14.32,6.69,72,51,8.43,4.47,0.04,50.09
250,MagicTomSNP.154,35.588,33.104,66,70,6.6,4.22,47.4,35.59,10.52,6.4,76,63,6.6,4.8,0.04,33.1
251,MagicTomSNP.155,50.959,21.22222222,67,55,6.8,4.06,48.9,50.96,11.38,8.71,77,41,5.28,4.7,0.04,21.22
252,MagicTomSNP.157,32.33833333,27.946,59,50,6.6,4.17,40.83,32.34,12.3,5.87,69,36,7.33,4.53,0.04,27.95
253,MagicTomSNP.159,35.96076923,22.052,59,45,6.5,4.25,50.69,35.96,11.22,8.04,66,28,5.8,4.38,0.04,22.05
254,MagicTomSNP.162,58.88363636,47.364,67,90,5.1,4.25,47.36,58.88,7.65,2.87,69,53,6.2,4.7,0.06,47.36
255,MagicTomSNP.163,38.68333333,34.268,59,55,7.3,4.29,52.25,38.68,11.55,5.46,63,39,7.13,4.33,0.05,34.27
256,MagicTomSNP.164,85.395,39.81,64,50,5.1,4.36,53.2,85.4,10.02,5.18,67,43,8.27,4.6,0.06,39.81
257,MagicTomSNP.165,59.895,37.652,59,35,5.6,4.05,43.42,59.9,8.31,8.88,69,34,5.83,4.33,0.04,37.65
258,MagicTomSNP.166,31.54833333,19.72,56,45,6.5,4.33,29.17,31.55,11.68,5.63,63,38,7.37,4.73,0.03,19.72
259,MagicTomSNP.167,67.05583333,28.299,60,70,5.9,4.31,46.58,67.06,11,5.34,63,49,7.58,4.4,0.05,28.3
260,MagicTomSNP.168,71.57,37.447,65,45,5.5,4.38,53.4,71.57,13.38,4.67,76,51,5.75,4.65,0.05,37.45
261,MagicTomSNP.170,71.616,73.9275,66,50,5.7,4.2,68.6,71.62,13.58,6.84,79,46,5.53,4.43,0.06,73.93
262,MagicTomSNP.172,29.718,26.861,62,50,6,4.24,33.5,29.72,4.45,8.59,72,48,9.03,4.73,0.03,26.86
263,MagicTomSNP.174,NA,21.189,NA,NA,NA,NA,NA,NA,NA,NA,66,36,7.97,4.47,0.04,21.19
264,MagicTomSNP.175,21.73583333,17.79615385,57,40,6.2,4.24,32.17,21.74,8.1,6.27,64,43,7.97,4.63,0.03,17.8
265,MagicTomSNP.176,37.77,30.26916667,NA,NA,5.4,4.43,62.5,37.77,13.26,3.62,63,28,6.05,4.25,0.05,30.27
266,MagicTomSNP.177,49.754,41.219,66,55,6.2,4.18,49.1,49.75,9.8,7.75,70,36,6.45,4.38,0.04,41.22
267,MagicTomSNP.178,42.379,29.845,59,50,5.2,3.98,47.3,42.38,9.16,8.34,76,49,6.95,4.53,0.04,29.85
268,MagicTomSNP.18,83.5575,44.33666667,62,60,5.8,4.25,61.5,83.56,16.27,6.77,74,38,8.93,4.6,0.06,44.34
269,MagicTomSNP.181,72.82818182,24.986,62,60,7.1,4.21,36.64,72.83,10.38,7.85,69,38,7.57,4.43,0.06,24.99
270,MagicTomSNP.182,67.435,30.15142857,65,60,5.7,4.27,57.3,67.44,11.65,6.58,67,45,6.18,4.55,0.04,30.15
271,MagicTomSNP.183,75.435,42.477,71,50,4.4,4.21,57.75,75.44,11.32,5.6,74,60,6.13,4.63,0.05,42.48
272,MagicTomSNP.184,24.00083333,17.58090909,59,60,8.7,4.28,39,24,10.14,7.61,68,38,8.1,4.43,0.03,17.58
273,MagicTomSNP.185,65.587,47.07818182,63,60,5,4.13,48.8,65.59,11.21,5.84,65,31,4.93,4.4,0.04,47.08
274,MagicTomSNP.187,36.84416667,18.09,59,30,5.5,4.13,48.33,36.84,9.44,7.54,64,25,5.73,4.43,0.04,18.09
275,MagicTomSNP.188,84.545,28.996,NA,NA,6.2,4.23,45.75,84.55,10.71,6.93,67,40,7,4.5,0.04,29
276,MagicTomSNP.189,90.38333333,79,62,50,6.4,4.31,57.25,90.38,13.19,7.99,70,40,5.9,4.58,0.06,79
277,MagicTomSNP.19,65.479,31.636,66,70,7.2,4.37,48.2,65.48,6.94,6.96,67,49,7.67,4.67,0.05,31.64
278,MagicTomSNP.191,15.17705882,14.265,56,70,7.4,4.2,33.35,15.18,7.54,7.78,62,36,7.9,4.37,0.03,14.27
279,MagicTomSNP.192,14.42416667,13.078,59,35,6.7,4.35,36.5,14.42,8.87,7.35,67,33,6.67,4.63,0.04,13.08
280,MagicTomSNP.195,47.47083333,28.8,59,45,5.4,4.39,35.58,47.47,9.16,5.66,69,39,8.03,4.4,0.04,28.8
281,MagicTomSNP.196,32.83583333,16.67333333,62,35,5.5,4.19,40.08,32.84,7.65,6.61,65,32,7.47,4.5,0.04,16.67
282,MagicTomSNP.197,31.40166667,12.86,60,55,5.9,4.36,39.17,31.4,9.48,5.1,70,46,9.63,4.23,0.04,12.86
283,MagicTomSNP.198,14.53238095,7.665454545,57,60,6.7,4.33,43.29,14.53,10.08,8.16,62,39,8.8,4.6,0.04,7.67
284,MagicTomSNP.200,51.496,40.748,65,45,6.1,4.37,37.5,51.5,8.28,6.73,72,37,7.36,4.6,0.05,40.75
285,MagicTomSNP.201,38.87923077,35.567,59,50,5.7,4.2,44.23,38.88,8.38,7.09,69,40,6.83,4.48,0.05,35.57
286,MagicTomSNP.202,44.59583333,31.952,60,40,5.6,3.91,51.58,44.6,8.56,NA,68,42,8.1,4.27,0.05,31.95
287,MagicTomSNP.203,38.00416667,27.308,67,50,6.6,4.3,37.58,38,5.8,5.96,76,56,9.67,4.6,0.05,27.31
288,MagicTomSNP.206,79.864,50.876,63,50,7.9,4.1,34.2,79.86,9.22,NA,67,37,8,4.3,0.04,50.88
289,MagicTomSNP.207,43.508,14.124,62,60,6.9,4.14,51,43.51,11.14,6.25,70,48,9.27,4.43,0.05,14.12
290,MagicTomSNP.209,39.028,16.83125,59,40,5.4,4.43,37.1,39.03,8.68,3.83,66,39,7.53,4.55,0.05,16.83
291,MagicTomSNP.211,45.216,14.753,54,35,5.8,4.04,39.6,45.22,8.46,6.63,65,27,6.13,4.3,0.04,14.75
292,MagicTomSNP.212,29.13125,13.118,53,35,7,4.21,45.13,29.13,8.46,6.74,66,40,9.57,4.63,0.04,13.12
293,MagicTomSNP.213,31.42769231,21.079,56,50,6.9,4.36,45.69,31.43,9.49,4.96,70,42,7.9,4.63,0.05,21.08
294,MagicTomSNP.214,49.615,33.826,56,40,7.2,4.27,35.7,49.62,8.58,7.59,69,43,7.5,4.53,0.04,33.83
295,MagicTomSNP.217,44.226,37.969,61,50,5.2,4.09,41.3,44.23,13.26,7.14,71,42,5.4,4.57,0.04,37.97
296,MagicTomSNP.218,88.816,52.874,57,45,5.6,4.27,38.3,88.82,9.38,6.46,67,39,6.9,4.43,0.04,52.87
297,MagicTomSNP.219,15.34785714,13.30666667,73,70,8.9,4.27,37.79,15.35,7.1,7.75,84,79,8.5,4.5,0.05,13.31
298,MagicTomSNP.220,33.974,18.006,57,55,6.6,4.05,51.3,33.97,11.27,6.67,66,46,7.15,4.33,0.05,18.01
299,MagicTomSNP.221,38.259,26.103,59,50,5.4,4.1,50.3,38.26,9.99,7.52,69,48,7.6,4.27,0.05,26.1
300,MagicTomSNP.222,54.917,22.789,56,35,6.1,4.3,51.7,54.92,9.37,6.34,62,31,8.17,4.57,0.06,22.79
301,MagicTomSNP.223,29.88363636,19.153,58,50,6.9,4.4,43.64,29.88,10.89,4.91,66,36,8.85,4.8,0.05,19.15
302,MagicTomSNP.225,51.076,23.139,63,55,6.4,4.43,47.3,51.08,10.28,6.67,69,54,9.3,4.77,0.04,23.14
303,MagicTomSNP.227,59.375,36.564,62,50,5,4.24,52.7,59.38,11.73,5.41,70,42,8.67,4.47,0.06,36.56
304,MagicTomSNP.228,60.126,33.915,63,50,6.6,4.4,66.7,60.13,12.85,5.01,72,37,7.92,4.5,0.06,33.92
305,MagicTomSNP.229,47.25090909,29.614,54,40,6.4,4.15,48.64,47.25,10.09,7.44,66,37,6.43,4.3,0.04,29.61
306,MagicTomSNP.23,17.644,11.24733333,56,35,8.4,4.18,41.9,17.64,8.4,7.71,62,25,7.6,4.43,0.03,11.25
307,MagicTomSNP.230,22.05714286,15.18454545,60,40,7,4.28,45.29,22.06,8.89,6.5,65,35,7.28,4.4,0.05,15.18
308,MagicTomSNP.231,21.389,16.03533333,66,50,7.4,4.38,26.44,21.39,9.04,5.03,66,31,7.6,4.4,0.04,16.04
309,MagicTomSNP.232,20.217,19.983,62,45,5.6,4.48,36.6,20.22,9.4,5.31,68,40,6.45,4.55,0.04,19.98
310,MagicTomSNP.233,35.562,NA,62,60,7,4.27,36.7,35.56,10.51,7.92,NA,NA,NA,NA,NA,NA
311,MagicTomSNP.234,38.01,30.163,60,50,6.6,4.22,36.15,38.01,9.6,7.76,69,45,8.77,4.4,0.03,30.16
312,MagicTomSNP.235,21.64307692,18.422,62,45,7.4,4.52,30.38,21.64,8.77,6.02,63,34,6.83,4.8,0.03,18.42
313,MagicTomSNP.237,28.61666667,19.671,58,40,6.9,4.22,34.9,28.62,8.03,7.88,76,37,7.13,4.57,0.04,19.67
314,MagicTomSNP.239,30.925,26.803,70,60,6.8,4.32,47.5,30.93,9.82,7.2,70,41,6.5,4.63,0.05,26.8
315,MagicTomSNP.243,35.55181818,NA,56,40,5.7,4.3,35.27,35.55,9.7,5.64,NA,NA,NA,NA,NA,NA
316,MagicTomSNP.245,27.25583333,33.50545455,55,30,5.4,4.23,35.17,27.26,6.57,6.75,63,36,8.8,4.53,0.04,33.51
317,MagicTomSNP.246,34.48416667,27.88666667,59,40,5.9,4.1,40.33,34.48,8.48,6.77,62,36,8.18,4.48,0.04,27.89
318,MagicTomSNP.247,36.794,23.212,59,60,5.1,4.32,43,36.79,10.08,4.39,64,39,6.67,4.5,0.04,23.21
319,MagicTomSNP.248,22.268,12.306,56,40,5.5,4.16,47.7,22.27,8.04,5.55,63,29,6.13,4.57,0.04,12.31
320,MagicTomSNP.249,39.935,23.789,59,40,7.5,4.4,51.6,39.94,9.94,6.78,69,33,7.57,4.43,0.04,23.79
321,MagicTomSNP.25,58.95727273,34.47625,75,55,7.2,4.1,55.82,58.96,13.44,9.45,77,47,6.35,4.4,0.05,34.48
322,MagicTomSNP.250,34.42416667,43.037,61,45,7.3,4.3,32.17,34.42,7.9,6.89,76,57,6.33,4.43,0.03,43.04
323,MagicTomSNP.251,49.38166667,38.404,56,45,7.5,4.14,37.42,49.38,6.24,8.53,69,44,7.4,4.53,0.04,38.4
324,MagicTomSNP.252,45.152,18.214,59,40,4.9,4.37,59.9,45.15,9.86,4.48,64,33,6.38,4.73,0.05,18.21
325,MagicTomSNP.253,23.03416667,15.50153846,59,35,7.4,4.05,47.6,23.03,10.91,9.18,67,43,8.33,4.5,0.05,15.5
326,MagicTomSNP.256,43.28818182,25.924,59,40,5,4.41,38.78,43.29,10.38,5.17,63,32,5.9,4.6,0.04,25.92
327,MagicTomSNP.257,38.619,25.884,59,55,6.8,4.19,38.5,38.62,5.34,6.41,72,50,7.68,4.43,0.05,25.88
328,MagicTomSNP.258,47.27,37.301,78,55,8.2,4.15,50.75,47.27,11.25,9.38,69,39,6.7,4.4,0.04,37.3
329,MagicTomSNP.26,97.607,42.567,66,45,6.6,4.45,43.7,97.61,8.65,5.77,76,38,6.4,4.83,0.05,42.57
330,MagicTomSNP.260,25.55692308,28.323,59,60,6.6,4.12,43.85,25.56,9.45,7.5,64,44,8.13,4.45,0.05,28.32
331,MagicTomSNP.261,63.303,44.604,66,90,5.8,4.37,50.3,63.3,9.48,4.42,69,50,7.57,4.77,0.05,44.6
332,MagicTomSNP.262,37.20083333,46.052,59,60,6.7,4.18,40.92,37.2,8.48,5.82,70,58,7.5,4.57,0.04,46.05
333,MagicTomSNP.263,53.132,34.552,58,45,6.4,4.34,49.1,53.13,10.98,5.7,67,36,4.98,4.45,0.04,34.55
334,MagicTomSNP.264,39.331,25.659,66,90,5.6,4.45,46.8,39.33,9.5,4.43,70,65,6.4,4.5,0.05,25.66
335,MagicTomSNP.266,36.615,38.692,57,55,5.8,4.12,38.1,36.62,9.03,7.35,69,63,6.3,4.53,0.04,38.69
336,MagicTomSNP.268,35.10454545,27.42,58,45,6.6,4.32,33.36,35.1,8.95,7.61,66,43,6.04,4.46,0.04,27.42
337,MagicTomSNP.27,49.978,26.9325,57,60,7.6,4.16,57.8,49.98,11.57,5.75,69,50,8.33,4.4,0.06,26.93
338,MagicTomSNP.270,50.634,29.202,61,65,7.2,4.26,48.1,50.63,14.48,6.08,69,41,6.36,4.54,0.05,29.2
339,MagicTomSNP.271,33.042,30.092,62,60,7,3.98,51,33.04,11.11,7.91,69,45,6.53,4.38,0.05,30.09
340,MagicTomSNP.272,50.092,41.267,65,60,6.1,4.21,36.6,50.09,9.84,5.46,71,65,8.3,4.5,0.04,41.27
341,MagicTomSNP.275,61.064,61.726,66,60,5.7,4.26,40.2,61.06,7.48,7.32,69,55,6.94,4.78,0.04,61.73
342,MagicTomSNP.277,69.118,36.984,65,60,7.8,4.56,42.1,69.12,9.91,5.63,70,47,7.55,4.75,0.05,36.98
343,MagicTomSNP.279,38.86785714,24.318,63,60,6.7,4.14,33.64,38.87,8.69,9.73,70,57,6.72,4.5,0.04,24.32
344,MagicTomSNP.28,49.56,28.724,57,60,7.8,4.52,39.1,49.56,8.44,4.35,67,36,6.73,4.48,0.04,28.72
345,MagicTomSNP.280,40.028,24.499,66,80,7.5,4.14,54.1,40.03,11.02,7.59,73,64,6.4,4.63,0.05,24.5
346,MagicTomSNP.3,51.92166667,14.212,63,55,6.2,4.45,40.5,51.92,11.36,4.55,64,34,7.5,4.5,0.03,14.21
347,MagicTomSNP.30,41.763,30.763,62,40,8.5,4.36,40.8,41.76,10.28,6.84,72,42,8.57,4.77,0.04,30.76
348,MagicTomSNP.31,32.176,34.773,59,35,7,4.26,34.4,32.18,9.57,6.78,67,30,7.35,4.68,0.04,34.77
349,MagicTomSNP.37,38.485,35.905,66,70,6.8,4.39,44.9,38.49,7.71,4.58,76,55,6.83,4.7,0.05,35.91
350,MagicTomSNP.38,28.275,27.223,58,40,5.9,4.22,46.1,28.28,9.87,5.93,68,40,8.23,4.55,0.05,27.22
351,MagicTomSNP.39,23.684,15.2,56,50,6,4.28,40.4,23.68,10.69,4.98,67,50,5.3,4.67,0.04,15.2
352,MagicTomSNP.40,60.559,59.766,67,60,6.7,4.49,50.2,60.56,6.3,4.47,73,45,5.13,4.67,0.05,59.77
353,MagicTomSNP.41,54.732,36.846,59,55,6.2,4.2,40.9,54.73,10.33,6.35,70,54,8.5,4.37,0.04,36.85
354,MagicTomSNP.42,94.439,45.084,62,50,5.7,4.57,55.7,94.44,11.35,4.68,68,41,8.28,4.66,0.05,45.08
355,MagicTomSNP.44,NA,33.173,69,NA,NA,NA,NA,NA,NA,NA,67,24,5.97,4.47,0.04,33.17
356,MagicTomSNP.45,22.84538462,23.891,62,60,8,4.05,32.54,22.85,4.05,NA,70,64,7.43,4.3,0.04,23.89
357,MagicTomSNP.47,28.48166667,19.798,66,50,8.4,4.27,40.33,28.48,5.86,7.43,72,46,7.37,4.73,0.04,19.8
358,MagicTomSNP.48,51.263,23.34,65,70,7.7,4.51,53.6,51.26,11.57,4.07,72,58,7.47,4.77,0.05,23.34
359,MagicTomSNP.49,27.484,26.847,66,60,7.1,4.25,52.5,27.48,8.04,6.09,70,48,7.53,4.57,0.05,26.85
360,MagicTomSNP.51,73.488,23.931,61,60,6.8,4.17,36.6,73.49,11.13,6.69,64,36,7.77,4.23,0.04,23.93
361,MagicTomSNP.52,105.449,41.853,56,40,5.8,4.27,47.2,105.45,10.19,6.3,66,44,9.03,4.73,0.05,41.85
362,MagicTomSNP.53,113.424,NA,69,90,6,4.34,52.2,113.42,11.81,5.43,NA,33,NA,NA,NA,NA
363,MagicTomSNP.54,67.014,37.428,60,50,4.9,4.29,40.2,67.01,11.72,4.97,77,39,5.93,4.63,0.04,37.43
364,MagicTomSNP.55,43.218,34.356,62,60,7.8,4.74,30.6,43.22,9.66,4.63,70,57,7.53,4.67,0.04,34.36
365,MagicTomSNP.56,35.21692308,25.27,75,60,7.3,4.61,31.69,35.22,9.12,4.38,70,58,7.87,4.73,0.04,25.27
366,MagicTomSNP.57,27.326,16.90769231,53,25,6.7,4.13,43.1,27.33,8.43,7.42,63,29,7.7,4.23,0.04,16.91
367,MagicTomSNP.61,19.979,35.863,55,35,5.6,4.15,40,19.98,9.22,8.66,62,27,5.73,4.5,0.04,35.86
368,MagicTomSNP.62,34.7025,31.647,57,40,5.3,4.2,42.42,34.7,8.4,6.75,65,47,6.67,4.53,0.05,31.65
369,MagicTomSNP.63,32.266,22.31642857,59,45,6.3,4.04,34.4,32.27,7.12,9.25,69,44,6.42,4.36,0.04,22.32
370,MagicTomSNP.66,43.85181818,33.156,61,55,5.5,4.51,36.82,43.85,9.41,4.59,69,51,6.67,4.63,0.04,33.16
371,MagicTomSNP.67,36.14545455,22.319,58,65,6.6,4.1,36,36.15,6.79,7,63,53,8.6,4.4,0.04,22.32
372,MagicTomSNP.68,25.853,22.044,56,35,5.3,4.02,48.2,25.85,10.5,6.72,61,35,6.43,4.35,0.05,22.04
373,MagicTomSNP.69,41.257,24.041,62,60,7.2,4.17,40.4,41.26,11.04,6.97,67,40,7.93,4.37,0.05,24.04
374,MagicTomSNP.7,43.46666667,44.055,59,40,7.3,4.49,38.92,43.47,7.74,6.97,71,39.5,7.17,4.53,0.05,44.06
375,MagicTomSNP.71,32.076,29.725,58,40,5.3,4.12,43.4,32.08,9.38,7.24,65,31,6.03,4.33,0.05,29.73
376,MagicTomSNP.72,57.304,28.299,62,45,5.6,4.22,51.2,57.3,12.44,5.24,72,36,6,4.53,0.05,28.3
377,MagicTomSNP.73,60.298,34.747,59,30,6.9,3.98,52.2,60.3,8.18,NA,70,46,7.15,4.38,0.05,34.75
378,MagicTomSNP.75,25.164,20.42181818,66,60,7.3,4.28,43,25.16,8.21,5.78,72,47,6.8,4.67,0.05,20.42
379,MagicTomSNP.77,18.783,15.66909091,53,45,6.8,4.28,32.8,18.78,7.23,7.06,59,32,6.03,4.67,0.03,15.67
380,MagicTomSNP.78,57.883,34.332,56,40,6.5,4.15,42.5,57.88,8.47,8.52,70,33,7.87,4.33,0.05,34.33
381,MagicTomSNP.8,71.898,44.762,60,45,6.1,4.62,41.4,71.9,9.04,4.41,66,43,7.5,4.77,0.03,44.76
382,MagicTomSNP.81,79.846,42.475,70,100,6.2,4.42,55.5,79.85,7.7,4.75,77,41,6.97,4.73,0.05,42.48
383,MagicTomSNP.83,45.226,32.127,59,40,6.4,4.19,41.6,45.23,4.82,7.23,65,33,7.03,4.23,0.05,32.13
384,MagicTomSNP.84,48.179,31.81,57,50,6.6,4.28,34.7,48.18,10.05,6.92,65,39,8.17,4.43,0.03,31.81
385,MagicTomSNP.85,39.098,29.489,57,30,7,4.25,35.5,39.1,8.57,7.14,63,35,7.53,4.65,0.04,29.49
386,MagicTomSNP.86,61.656,29.976,66,60,6,4.6,49.8,61.66,9.6,4.67,72,54,5.7,4.9,0.04,29.98
387,MagicTomSNP.87,40.83,39.655,75,60,7.8,4.36,40.63,40.83,10.77,7.33,77,45,6.14,4.68,0.04,39.66
388,MagicTomSNP.88,24.833,24.943,75,60,7.5,4.36,46.9,24.83,8.34,7.04,77,51,6.87,4.43,0.05,24.94
389,MagicTomSNP.89,54.513,25.481,62,55,6.2,4.36,50.7,54.51,9.82,4.81,67,42,6.77,4.43,0.04,25.48
390,MagicTomSNP.9,34.08785714,15.58,55,35,6.1,4.26,32.64,34.09,9.07,6.67,66,29,8.4,4.4,0.04,15.58
391,MagicTomSNP.90,43.66,29.434,62,40,5.8,4.31,49.8,43.66,9.51,6.17,72,38,6.07,4.67,0.05,29.43
392,MagicTomSNP.92,50.246,34.267,65,60,6.8,4.29,52.7,50.25,10.43,5.45,71,41,7.57,4.43,0.05,34.27
393,MagicTomSNP.95,63.898,30.124,62,60,5.6,4.23,49.7,63.9,8.82,4.98,70,57,7.3,4.33,0.05,30.12
394,MagicTomSNP.96,56.281,55.285,59,50,6.1,4.29,40.9,56.28,9.32,7.03,74,42,6.93,4.5,0.04,55.29
395,MagicTomSNP.97,24.952,16.924,58,50,8.1,4.52,45.1,24.95,8.85,7.4,62,30,6.8,4.57,0.04,16.92
396,MagicTomSNP.98,35.988,17.113,66,45,6.5,4.23,42.3,35.99,11.03,6.33,70,43,9.93,4.2,0.04,17.11
397,MagicTomSNP.99,30.504,26.944,66,45,6.7,3.99,43,30.5,11.81,NA,72,52,8.2,4.4,0.04,26.94
