id,progeny,family,GDDTA_summer,GDDTS_summer,PH_summer,EH_summer,TLN_summer,GDDTA_winter,GDDTS_winter,PH_winter,EH_winter,TLN_winter
1,05CL_2681,B73xCML254,1069.562989,1141.880743,156.3286545,60.07273152,21.2137255,983.3537027,1018.101566,138.4054814,67.42326024,19.5481273
2,05CL_2682,B73xCML254,1086.193734,1153.133797,152.4958931,67.20976327,23.51995556,906.3686553,913.7026898,137.829902,63.28217845,19.30742484
3,05CL_2686,B73xCML254,1071.057436,1168.558063,176.260504,84.91652531,22.50245232,915.9642529,928.3440426,128.9821779,61.47733679,18.17771196
4,05CL_2689,B73xCML254,933.1654993,987.3822453,171.7554967,77.76764799,22.36710739,880.2597386,899.4422857,151.9432151,72.48281326,19.00487537
5,05CL_2690,B73xCML254,989.2697738,1050.018149,147.8846434,66.43447288,22.2693601,933.4936355,940.9447633,124.7406183,67.63061202,19.17971936
6,05CL_2691,B73xCML254,955.964769,1022.974783,150.2401249,65.30954098,20.87454162,874.8856859,885.550579,131.8046448,54.99112289,16.59237204
7,05CL_2692,B73xCML254,990.2261884,1030.675556,195.9877535,87.85385007,20.83060843,923.1823178,929.5635069,143.2923346,71.97999291,17.90400571
8,05CL_2693,B73xCML254,1038.787513,1111.394225,178.2631316,79.91073615,23.71495753,946.8792749,934.1631765,133.3290302,61.50314592,18.9535717
9,05CL_2694,B73xCML254,978.5434105,1008.605879,164.6224763,74.51136203,21.91869451,901.860379,907.3982888,136.6905925,64.27684129,18.07694384
10,05CL_2695,B73xCML254,996.7130446,1025.135292,178.5818037,71.41894742,20.37882942,908.5286322,898.9156365,146.3646915,68.84382954,16.85073712
11,05CL_2696,B73xCML254,1024.1425,1097.036144,181.050442,76.39980046,21.91045731,880.4492992,891.3690702,149.9276701,75.14193806,18.24264643
12,05CL_2697,B73xCML254,1083.887189,1139.175423,168.0744781,72.6216643,21.81027239,929.8099073,939.2403229,142.4384853,60.75356939,17.82489365
13,05CL_2698,B73xCML254,1007.130638,1058.967629,162.5926907,69.48744731,21.88114369,944.8344842,948.6875679,148.3404462,74.52524985,19.49858008
14,05CL_2699,B73xCML254,1081.153825,1148.940955,160.0094752,72.03266345,24.98840183,1000.925432,1012.756588,135.3670026,65.27250672,21.0114862
15,05CL_2700,B73xCML254,999.4143426,1065.53926,187.2738238,80.48071508,22.57933326,930.6469571,941.9237006,147.509462,73.75178977,18.78982744
16,05CL_2702,B73xCML254,1017.062949,1047.072294,152.1681819,59.45454276,22.4711644,930.3497332,925.3624628,131.6674764,54.46008513,20.50230154
17,05CL_2703,B73xCML254,964.5213767,982.0013385,172.5899656,87.01506703,21.9106972,917.7597586,936.674679,141.5466315,73.29885613,18.75584617
18,05CL_2704,B73xCML254,989.1681781,1052.129128,181.0998161,79.85457029,21.28057018,915.0873781,943.2597043,149.9926399,80.45029537,18.22348207
19,05CL_2705,B73xCML254,945.4688291,990.0236227,168.7044745,73.95875171,22.43641549,959.2016929,971.7097343,138.5659121,73.61935103,19.70548266
20,05CL_2708,B73xCML254,1064.003768,1083.62848,183.1965999,95.09274289,21.4145773,989.6865685,972.7242242,141.1127263,75.88973573,18.65548147
21,05CL_2709,B73xCML254,979.8717439,1011.317947,203.9650227,87.37106552,21.60776616,899.061317,885.4365797,153.5453453,77.27037908,18.56678729
22,05CL_2710,B73xCML254,1029.367786,1053.355748,175.2595422,80.18211736,21.42217067,927.5174938,919.5013533,145.8252755,69.45237851,18.22390698
23,05CL_2711,B73xCML254,945.2351208,985.639095,137.1150907,47.48079785,20.51741015,889.8988933,906.6921737,133.1098392,50.71065435,17.94587308
24,05CL_2712,B73xCML254,953.2693892,1009.707909,165.7886635,66.48588942,21.02395047,903.6625553,921.5891849,141.4682055,65.31427795,18.27101609
25,05CL_2713,B73xCML254,1050.760356,1091.550345,173.3485125,83.96904021,22.51269855,897.070974,902.7015105,139.8807708,74.60437627,18.16714087
26,05CL_2715,B73xCML254,933.986884,952.3668132,167.0197087,79.04145333,19.54678016,902.9306962,898.7182797,135.8885727,59.68402592,16.86171834
27,05CL_2716,B73xCML254,989.1441193,1063.01643,158.8851675,71.97727534,21.88949656,869.6697414,869.6049362,120.6814904,49.40097697,17.8467005
28,05CL_2717,B73xCML254,1044.271713,1070.326125,159.4014094,66.39025928,24.03918501,882.2591066,885.4539126,132.0845805,56.47573256,18.96590718
29,05CL_2718,B73xCML254,952.4842187,994.6450085,181.1024839,78.7216467,21.79581344,905.357468,919.5416494,138.39706,66.31913094,18.99442288
30,05CL_2720,B73xCML254,991.1514333,1028.520026,180.6198616,80.86814243,22.81355898,944.950184,935.728051,142.7618594,72.59541705,20.0383981
31,05CL_2723,B73xCML254,941.9793135,1011.6558,183.3958131,76.4666684,21.16079658,882.372386,910.9589867,150.9854779,74.68168229,17.08768976
32,05CL_2724,B73xCML254,1041.7049,1131.831477,180.3021477,80.68009759,23.49319337,931.913116,949.503959,140.6913508,72.78092747,19.88265203
33,05CL_2725,B73xCML254,1001.310658,1070.493712,141.9868685,58.49872254,20.98209432,935.4215262,967.9643549,119.3485652,54.25016175,17.74810073
34,05CL_2726,B73xCML254,1102.309934,1186.070421,162.0417833,76.32076925,23.23954673,912.3732017,909.1905834,136.4700157,66.19186895,19.61161838
35,05CL_2727,B73xCML254,1056.128758,1142.290423,191.9350239,92.88158617,21.58035447,896.9079448,904.1841827,136.5634679,63.65128694,17.41181739
36,05CL_2729,B73xCML254,991.6053353,1022.142765,167.7863423,65.55907821,23.03380831,927.5733888,921.0161106,141.511518,61.25223395,18.3171609
37,05CL_2731,B73xCML254,993.0937502,1054.691438,165.9575659,85.57076322,24.02566645,964.4681309,972.5863727,138.1194994,81.50133961,20.37651364
38,05CL_2732,B73xCML254,1024.166158,1054.89641,190.0462614,90.12113926,20.84288557,911.7518486,904.3411455,141.1818894,71.23999457,16.73652524
39,05CL_2734,B73xCML254,981.767253,1073.909676,167.7724119,61.36498699,21.49758355,883.7119646,912.4838969,133.7393226,53.68084792,17.05620724
40,05CL_2735,B73xCML254,953.5288285,1004.025355,180.6170301,82.33426183,20.0911844,908.9670861,919.3907175,146.4204812,69.46638887,16.78678652
41,05CL_2736,B73xCML254,926.9179517,988.070408,189.4686741,75.19628442,20.12423913,874.2209777,893.404542,153.5350568,61.28710186,18.23757587
42,05CL_2737,B73xCML254,1007.037061,1031.449346,185.2077817,78.303107,24.24152073,920.3368297,916.7584039,148.9541952,78.1949227,20.56178111
43,05CL_2738,B73xCML254,986.0751048,1028.699858,149.76543,56.68694389,21.26669183,933.1529249,929.3343699,146.3735456,70.13799009,18.74605859
44,05CL_2740,B73xCML254,951.3316082,1006.506099,151.6504817,61.53708365,22.37778435,896.8509373,911.9246407,136.6216351,63.37491603,18.48888107
45,05CL_2741,B73xCML254,920.6199671,969.1920473,158.1749043,65.76725952,22.07504843,885.673277,905.9283884,142.9009443,64.8217678,18.86374461
46,05CL_2742,B73xCML254,962.1588751,990.0937714,163.8099407,76.8558044,20.5941411,909.3558627,913.652832,139.3762323,72.54225638,17.32601706
47,05CL_2743,B73xCML254,1011.676056,1032.114065,152.8040765,64.79519692,23.65132275,882.534157,878.7816681,135.7328794,60.30614292,17.99623024
48,05CL_2744,B73xCML254,966.1313274,1023.463677,154.5807202,59.79769193,22.38216598,898.544229,913.8246168,141.6261748,56.21218582,18.83195343
49,05CL_2746,B73xCML254,1027.660255,1074.780209,171.9403324,76.57815713,21.67628387,920.9639341,931.5530117,137.7526104,71.59314622,18.17338698
50,05CL_2749,B73xCML254,1124.783708,1208.961611,196.9717074,101.0593808,22.83363682,964.5222827,974.6684763,137.1792218,75.2655417,17.78685635
51,05CL_2750,B73xCML254,1091.191796,1132.041738,171.2876943,86.8596411,24.23561327,955.5970252,974.2520251,142.9291896,74.49621741,19.63817381
52,05CL_2751,B73xCML254,956.6163882,1021.436976,159.822005,62.95654437,23.0094533,913.9369454,916.896848,131.6268592,58.14958447,19.0742516
53,05CL_2752,B73xCML254,944.6877368,977.8296054,185.6207495,77.10379659,19.98058606,914.1491278,923.3506331,130.0828637,72.68002859,16.94584779
54,05CL_2754,B73xCML254,963.4861929,1008.53593,173.0347337,81.25872599,23.01080161,913.7105203,921.8915957,141.1823012,71.8669082,19.98373345
55,05CL_2756,B73xCML254,1158.61976,1189.491689,160.8914764,74.00951314,23.43812517,954.5584594,951.2483098,119.4874734,59.07939884,18.14177257
56,05CL_2757,B73xCML254,1010.359329,1075.346191,167.6696416,72.44501248,21.9473635,912.8235058,923.5957259,127.6262969,58.38159742,16.71498654
57,05CL_2759,B73xCML254,928.6649159,955.8192295,172.3896569,77.73315633,21.743502,903.6129516,909.466849,148.2815927,72.98412306,19.1618831
58,05CL_2760,B73xCML254,978.709564,1017.213122,171.4636767,84.1596158,22.46042191,885.4119274,887.4624022,140.7765787,70.03985805,19.19927489
59,05CL_2761,B73xCML254,977.2556065,1035.709438,175.6137284,78.68093767,20.02820757,933.9964049,973.4060335,135.4621645,59.44471287,16.59305371
60,05CL_2762,B73xCML254,985.6199827,1038.278983,176.0162507,78.71888523,21.70631982,921.9073821,947.9566149,133.4506316,62.4018779,17.58888814
61,05CL_2764,B73xCML254,1021.277225,1082.701936,189.1999506,81.29757762,23.28669279,965.3246701,971.5457549,150.6834208,78.24360389,19.8721101
62,05CL_2766,B73xCML254,950.7556826,1001.172154,159.5639204,75.26934795,20.71610103,904.677874,916.4020817,145.6492969,75.7872169,18.60394074
63,05CL_2767,B73xCML254,988.1228896,1040.391157,157.3461749,65.44161276,22.31977482,913.1380889,926.5702148,129.7808848,59.68669488,19.44932143
64,05CL_2768,B73xCML254,1016.657741,1042.727837,193.0821243,96.90115988,23.87675138,925.456522,927.6553531,143.9514326,80.64202705,19.42763614
65,05CL_2769,B73xCML254,935.0321442,1014.524254,152.2762972,55.37632241,22.1309369,876.814106,896.4483623,137.3047041,52.5662692,19.02111725
66,05CL_2770,B73xCML254,1007.181818,1041.923227,176.0896442,80.55892108,22.0777878,953.2444978,934.1185911,134.1931068,69.51884842,17.81836647
67,05CL_2771,B73xCML254,1077.448592,1130.271687,201.86676,98.83644128,24.70141309,922.9532574,936.2393564,143.5156807,74.16245804,19.64239335
68,05CL_2772,B73xCML254,962.7928727,1012.083147,161.1756853,66.07545396,19.89326596,897.8084172,911.7573335,139.8326149,61.96809717,17.55059434
69,05CL_2773,B73xCML254,1066.118284,1154.048546,168.4348566,76.01426492,22.62184933,915.2712807,918.0275324,138.2794015,64.96407854,18.0827825
70,05CL_2774,B73xCML254,1058.546406,1168.94424,182.4820243,88.83767772,24.0543348,958.2931423,969.635568,137.6458769,74.30825197,21.61887072
71,05CL_2775,B73xCML254,953.1477835,1000.599706,148.3316143,58.89070162,22.09386274,871.5892223,887.2311259,122.1863598,54.26328669,19.27927301
72,05CL_2776,B73xCML254,993.5081527,1010.951333,186.9025803,78.67406224,22.66327922,924.7579158,934.3815314,145.5623339,62.12878653,19.49847401
73,05CL_2777,B73xCML254,970.7416446,1010.463067,197.6563995,97.00065448,22.80560102,933.3617009,971.665968,148.3858631,83.93827632,19.98959632
74,05CL_2779,B73xCML254,908.5601006,965.8064382,143.5677099,53.91627518,19.20483934,865.612978,891.939276,127.7929298,48.73298114,16.66002329
75,05CL_2781,B73xCML254,974.2741446,984.4072741,168.4881703,76.1742872,22.08783311,926.8247307,918.1140739,142.9436762,69.607998,19.60074485
76,05CL_2782,B73xCML254,1068.584678,1128.324063,173.6115321,74.23680718,23.16017702,937.9288753,945.6940893,134.845505,58.83669937,18.52911838
77,05CL_2784,B73xCML254,987.6212945,1035.79868,184.6573244,77.61176079,23.40619509,927.7481292,966.9377298,147.8049334,81.08723276,20.5510088
78,05CL_2785,B73xCML254,1017.079137,1065.144685,157.1008964,78.88440492,20.93570048,958.6674528,978.5693231,139.8211862,75.95637704,18.4301869
79,05CL_2786,B73xCML254,1043.176178,1091.880178,183.6286613,84.84277754,22.91273176,944.3287302,943.6268201,133.4953614,66.37509881,20.0310797
80,05CL_2787,B73xCML254,1071.272759,1166.32507,199.1027292,101.9688423,24.67653989,954.3207757,980.1409719,152.3881797,83.04899662,20.9113211
81,05CL_2788,B73xCML254,1075.742695,1152.05673,194.5652938,102.5923866,23.62687154,940.1273525,944.1093198,161.0669603,86.26214189,18.63401177
82,05CL_2789,B73xCML254,959.8012061,998.9413052,172.589922,72.61003743,21.48023613,867.6558728,872.565488,132.7263243,55.84888115,18.40762904
83,05CL_2790,B73xCML254,950.9727258,971.8699776,149.5810909,65.87776599,20.7109708,888.1413609,889.2022846,134.4820959,62.8139907,16.93981856
84,05CL_2791,B73xCML254,962.6088891,1011.236879,153.0778877,58.71436898,22.8748133,876.8204524,894.8225568,139.046596,64.84235005,19.75898122
85,05CL_2792,B73xCML254,975.4361254,1014.957072,183.6420042,83.53237663,21.60697671,950.7132026,959.7304364,130.8735117,65.19457701,18.15637858
86,05CL_2793,B73xCML254,1010.372839,1045.350932,187.1930127,96.78305663,24.08090748,946.3963227,969.1307849,135.1468395,75.06341437,19.720996
87,05CL_2794,B73xCML254,1027.307066,1054.54365,177.785352,83.74351006,23.50899184,914.4924793,911.7052228,134.1192383,67.06393166,18.51655259
88,05CL_2795,B73xCML254,1068.590446,1080.214015,164.4064617,75.22680498,23.10161494,912.694202,877.4001529,132.5257602,59.1220014,18.36943063
89,05CL_2798,B73xCML254,1000.22654,1054.512875,179.0463287,82.44429622,22.32630115,934.5103838,944.0570331,143.8123504,77.17441016,19.13617251
90,05CL_2799,B73xCML254,1078.101478,1150.757764,201.6586459,101.7683807,23.09109961,890.4961757,889.2441658,147.720228,77.37118554,18.45910742
91,05CL_2800,B73xCML254,963.2605477,1013.449957,198.7551811,103.0006611,22.02958271,895.5584321,908.1140408,143.4950065,69.75592561,16.97451336
92,05CL_2801,B73xCML254,983.9291679,1028.861018,199.3778187,86.30111553,21.17644597,906.6261964,914.7368046,139.569386,64.65158251,16.57680283
93,05CL_2802,B73xCML254,933.2826141,957.4652216,167.9469342,71.55095186,20.81618807,863.2543982,876.3704171,141.0968688,64.61136671,17.82260653
94,05CL_2804,B73xCML254,1043.422585,1089.982489,199.5958387,89.55887454,23.61211841,927.484775,921.3868319,145.3573805,72.27217841,20.27319596
95,05CL_2805,B73xCML254,939.4847058,1003.037146,174.1420825,66.01649462,20.42756992,872.604042,910.2439666,138.3419419,48.83962181,16.68415175
96,05CL_2806,B73xCML254,997.4485863,1031.521338,219.8835821,107.2162303,22.10574019,905.8898298,911.0307869,156.1514769,77.95787035,18.77770629
97,05CL_2807,B73xCML254,1061.809557,1107.830505,187.0951637,81.26676302,22.9030269,955.3798884,968.1715297,145.4454984,76.23334002,18.89999199
98,05CL_2809,B73xCML254,1028.908239,1139.53545,165.6983782,72.83423439,22.40500301,845.9434319,862.8364391,133.0429709,63.66717472,17.73386348
99,05CL_2810,B73xCML254,981.8334524,1021.186698,167.3367799,69.91008696,20.64286607,892.423436,906.9059932,140.9794496,62.79865786,17.40735313
100,05CL_2811,B73xCML254,953.9436424,1023.227956,153.5378688,59.33845565,21.3845842,919.6416297,954.5597652,140.2548592,65.52579707,18.21310093
101,05CL_2813,B73xCML254,1012.517893,1049.749552,164.4559644,74.5893185,22.35947613,893.1612623,879.4992173,142.9751541,73.0734322,17.41396734
102,05CL_2814,B73xCML254,1071.461852,1105.394205,149.2867943,65.10356174,22.64059909,962.6711161,964.9073448,126.6388045,59.50467017,19.15670172
103,05CL_2815,B73xCML254,982.513924,1034.453184,159.0543628,62.07004616,21.21424312,945.258531,972.8162509,137.2466152,61.44719694,18.44977386
104,05CL_2816,B73xCML254,1008.855314,1078.034593,130.0241674,51.93649872,21.77253582,948.7928379,965.1576056,122.1363068,53.64719472,19.61564893
105,05CL_2817,B73xCML254,1002.49638,1041.690396,155.452691,69.35884422,20.93580749,933.1751339,945.8692343,134.3019637,63.20718028,18.66439678
106,05CL_2818,B73xCML254,943.6860197,990.8384326,185.3864478,80.57084813,23.01540807,903.5593056,913.2404449,147.8020867,75.62591762,19.42533771
107,05CL_2819,B73xCML254,1028.384108,1045.785019,168.1955262,82.19528435,23.30718221,945.5182702,930.4436762,132.3117463,68.37554461,19.39261845
108,05CL_2820,B73xCML254,989.9416831,1021.850388,181.5720838,74.39478369,21.72709535,925.451612,921.4403934,136.0095476,67.14051359,19.06810282
109,05CL_2821,B73xCML254,1046.106324,1083.129695,186.5146972,89.82514075,24.8595225,961.78792,958.7533689,142.9542965,75.06964712,20.5868855
110,05CL_2822,B73xCML254,979.2950776,1057.034663,197.0058436,78.27826429,24.71061943,907.4170677,948.1314447,153.7202971,65.86148549,20.60223082
111,05CL_2823,B73xCML254,963.9437065,998.991431,173.0362102,71.23137057,20.92884063,854.8678353,859.7439927,133.0625344,56.62071807,16.92441669
112,05CL_2824,B73xCML254,1025.687691,1066.990298,207.4638853,100.1197745,22.16733261,948.2982469,946.542673,151.2653207,84.79903287,18.26345629
113,05CL_2825,B73xCML254,1003.913951,1083.415362,180.6945534,77.64454242,22.42863727,932.7289508,980.1100473,145.3686302,74.9387668,19.43414156
114,05CL_2826,B73xCML254,1094.496584,1153.469424,157.5523044,75.12653177,24.01973124,936.9604976,938.1161611,130.2706248,66.12864317,18.9815864
115,05CL_2827,B73xCML254,1077.541764,1160.554665,152.3787993,67.61685304,22.81570273,911.2530221,921.0934566,131.4111317,61.41173884,17.81887888
116,05CL_2828,B73xCML254,1027.723975,1138.671689,165.9327757,76.75563916,22.03774696,947.2416567,975.0947757,135.5790167,69.1641447,18.91232077
117,05CL_2829,B73xCML254,1244.101536,1375.863637,190.5124167,90.35038525,25.76579,977.2164144,1001.081791,132.9214173,69.17649501,20.49770455
118,05CL_2830,B73xCML254,936.8526444,956.3779234,163.3579891,67.34915218,22.89242147,895.2938607,906.8077715,143.8192799,64.11111217,20.05932163
119,05CL_2832,B73xCML254,1001.29779,1026.571428,186.2275789,88.96236103,21.9513662,886.5708124,875.2593183,143.4605507,71.53921007,17.89099185
120,05CL_2833,B73xCML254,973.9018383,1001.856037,168.0304739,76.38632182,22.0387581,976.5032546,982.0629269,134.3432758,66.22315102,19.61303627
121,05CL_2835,B97xCML254,999.8219777,1017.901544,179.0284453,99.70442378,22.88053936,884.6187622,894.2448767,122.871391,57.87097887,17.01418885
122,05CL_2837,B97xCML254,997.3029812,1017.211223,154.8519944,80.84409739,23.39526992,891.8096312,903.6479941,118.8955194,48.80187548,18.11405409
123,05CL_2838,B97xCML254,1020.857363,1110.378317,177.2577358,96.10580771,22.51619876,918.7422648,974.4985575,125.8555753,60.6796424,17.8437921
124,05CL_2839,B97xCML254,1180.92219,1225.990035,167.3064592,94.29258786,26.44478379,923.8001033,919.8852371,127.907958,61.7396537,20.28856997
125,05CL_2840,B97xCML254,933.2753233,969.4550347,152.0877281,77.24505723,21.25215039,882.4668475,892.2132101,126.8433722,56.06752991,17.17617635
126,05CL_2841,B97xCML254,1001.293548,1101.665569,160.1235832,77.03213154,21.54826397,891.9332064,957.4070205,124.0190148,46.37658458,16.8691332
127,05CL_2842,B97xCML254,924.1799649,1012.163994,152.7486665,64.69750133,21.42690857,836.0953532,867.6801844,121.5382182,42.94929137,16.17118933
128,05CL_2843,B97xCML254,949.3993239,1011.366099,178.0495957,99.03934542,21.02610713,873.9139747,904.1071852,136.6081921,62.53074587,16.88737215
129,05CL_2844,B97xCML254,983.5168389,1042.692802,154.0665024,71.01427815,19.77096523,919.5244323,935.7319847,123.5299684,49.93868708,16.42505506
130,05CL_2845,B97xCML254,1001.477048,1050.658791,180.6652095,87.98306967,20.66529839,910.450424,930.2494009,131.7210276,59.97883756,17.28325944
131,05CL_2846,B97xCML254,975.3350086,1017.811909,162.4761313,86.12175537,21.27243986,900.8271947,919.8767334,125.8167475,63.22482038,17.415158
132,05CL_2847,B97xCML254,1080.183049,1179.896456,152.5521673,73.2476978,22.95142447,928.1254851,941.0541238,111.3702766,40.28501288,17.44906759
133,05CL_2849,B97xCML254,897.1620479,950.9529211,142.5961964,61.20111403,19.92451403,854.5803222,874.1589369,122.8026839,53.64940434,16.7471542
134,05CL_2850,B97xCML254,993.7103231,1035.567663,132.2995292,73.65525843,23.64731863,911.867486,916.730556,116.1488597,51.72939357,18.5050231
135,05CL_2851,B97xCML254,982.3109442,1055.192517,177.0142674,80.65452405,21.28117804,881.5914322,921.2829478,131.2991172,57.08487598,17.50813071
136,05CL_2852,B97xCML254,949.9648174,995.5454418,168.8782146,87.16485391,20.3356058,888.0092314,905.1979733,132.5429518,60.58085025,16.98150652
137,05CL_2853,B97xCML254,950.9161107,1069.347638,140.705059,65.03017094,22.25814435,888.1691944,924.6009378,123.9224094,52.66371001,18.64028399
138,05CL_2854,B97xCML254,1036.578552,1087.941889,172.6723937,82.9617017,23.06563112,910.6942472,945.642266,126.5880063,50.17965968,17.98386202
139,05CL_2855,B97xCML254,1017.276691,1112.339051,180.1173889,90.95139053,23.15967567,911.0765882,927.7194166,131.6591297,71.05969296,19.12813337
140,05CL_2856,B97xCML254,1045.376529,1099.144777,204.4585702,106.7168588,22.54190889,916.8472243,922.2365801,144.4378409,77.37215089,18.48041478
141,05CL_2857,B97xCML254,1023.60936,1059.450368,184.3927586,106.2898939,23.80347511,919.6305698,924.558061,134.4620625,77.56005075,20.34163398
142,05CL_2858,B97xCML254,916.8762467,960.7843829,161.7733136,83.91936862,20.90689958,871.3938485,884.8871979,138.1526121,67.82257175,17.37965337
143,05CL_2859,B97xCML254,1015.910154,1028.715808,190.3720139,105.2097394,25.05632769,947.3565199,929.1528917,134.139618,77.44087989,21.01860636
144,05CL_2860,B97xCML254,1017.074801,1058.01168,197.8503129,116.800876,22.70968671,908.8989153,899.5538615,135.0819044,74.43917971,18.16135272
145,05CL_2861,B97xCML254,1003.884736,1040.811216,149.8129339,79.68568762,20.13659038,905.7657548,919.3302161,118.7220578,57.13090635,17.86089039
146,05CL_2862,B97xCML254,1006.599901,1055.317238,171.24417,90.9153153,24.5581958,920.9079959,931.5054015,128.5903328,66.90591439,19.31795081
147,05CL_2864,B97xCML254,943.0598182,994.4320806,159.7953039,75.57240623,20.9590121,882.1477121,907.4141007,122.6348905,49.14551974,17.44037621
148,05CL_2866,B97xCML254,984.3340497,1036.455945,158.0376312,80.95421367,21.31772653,891.9447845,900.9091611,142.782886,73.44844281,18.97266677
149,05CL_2867,B97xCML254,1094.20625,1138.114052,176.0929964,94.37636424,21.83286341,915.1715715,934.0185567,137.7925712,74.18559029,18.21502437
150,05CL_2868,B97xCML254,934.0112338,1010.598341,162.2551421,78.0884364,20.99190861,891.1207706,929.2271492,141.0889997,66.20788409,17.92772947
151,05CL_2869,B97xCML254,1078.858354,1158.476646,175.2600841,90.48762293,21.89088454,945.745791,964.4294167,128.3738384,63.76841624,18.01851398
152,05CL_2871,B97xCML254,1044.648705,1060.12398,161.7667027,90.99569806,22.31489938,896.2794815,888.7602921,134.7476053,73.92149876,18.20291378
153,05CL_2872,B97xCML254,1011.6146,1034.356258,169.9080594,81.6925374,23.50453046,898.0988141,913.4275518,125.4465482,58.984258,18.72674439
154,05CL_2873,B97xCML254,915.4690434,953.0878786,145.3292458,68.94756438,18.69276185,859.8635455,873.8156212,122.6516809,49.9130366,15.21632694
155,05CL_2874,B97xCML254,1044.802132,1084.855748,188.3803348,103.2605755,24.05616101,922.3080915,918.149542,133.0842909,65.80577741,18.43533326
156,05CL_2875,B97xCML254,911.0572704,963.5936197,117.4496852,52.72881522,18.18872352,878.4592937,895.5463491,94.76291855,37.87429679,15.12709858
157,05CL_2876,B97xCML254,924.9098851,994.8371955,172.241482,83.8355698,21.74134747,868.318647,902.8048557,135.59929,58.28248175,16.96863322
158,05CL_2877,B97xCML254,947.1264951,1017.197791,145.9455535,84.43553255,21.45317401,874.0499882,915.4554233,120.2731572,61.51338235,17.7581865
159,05CL_2878,B97xCML254,964.6335099,1015.096685,159.8752348,86.62604164,23.2541164,903.6014912,931.9985384,120.4476033,59.03311102,18.2479364
160,05CL_2879,B97xCML254,1025.488305,1093.30082,154.9346851,82.32195924,21.80950938,945.3976118,971.3283217,119.9259996,55.51429914,17.70451059
161,05CL_2880,B97xCML254,973.5185127,1042.965884,148.1627773,76.02342566,22.02075302,898.3583776,917.1622976,118.2649034,55.3047523,17.50229213
162,05CL_2881,B97xCML254,973.0689174,1032.659239,153.7076494,74.36015987,20.93091415,911.4620693,935.0190693,131.0217158,56.08306843,17.25194119
163,05CL_2882,B97xCML254,984.5028186,1011.199633,179.6606891,91.77048555,22.27240544,906.4912778,904.6769279,133.685753,56.20635151,17.75871948
164,05CL_2883,B97xCML254,946.9057025,994.1764054,163.8816778,77.52900755,22.14250729,879.5359465,890.3641946,127.0125266,58.82502237,18.54812654
165,05CL_2884,B97xCML254,985.9075091,1047.493587,178.4108717,95.26330475,22.05791849,890.6760041,916.7063207,143.1208644,66.41998746,17.96718291
166,05CL_2885,B97xCML254,927.4684066,1010.802535,178.5554394,97.0810613,21.53833729,858.7178393,906.5405158,125.8207053,58.68571028,16.95788651
167,05CL_2886,B97xCML254,954.1538539,980.247758,184.9300532,91.35642936,21.43289252,865.9711003,879.1810998,132.8779128,59.13440803,17.21251451
168,05CL_2887,B97xCML254,941.4672517,1001.428972,160.9617283,80.27228122,21.11007444,886.2741511,912.3594072,128.5110421,59.40050457,17.88610283
169,05CL_2888,B97xCML254,1033.297582,1061.849649,194.0249893,108.3592893,23.10302204,902.0645726,912.6679681,137.819473,78.00995801,17.8429393
170,05CL_2890,B97xCML254,1024.425262,1097.369728,178.6462843,89.51457098,22.44447771,898.0511294,919.9382225,124.7985517,54.45541015,17.78488611
171,05CL_2892,B97xCML254,958.4320436,1030.441448,170.7413012,67.80237084,20.85306725,877.4465583,908.6053774,119.5244054,42.71750871,16.64975496
172,05CL_2893,B97xCML254,1014.775679,1058.036626,183.6438645,87.51277671,21.7927906,901.4974644,918.7787449,135.1647418,56.3235728,17.01329544
173,05CL_2894,B97xCML254,972.8802783,991.0661166,125.8178952,67.74062664,19.66920754,861.2494059,858.1986578,108.7214869,50.18383305,17.16163739
174,05CL_2895,B97xCML254,970.4817303,998.2250017,164.760477,91.96745859,22.01419193,891.4859119,911.3675126,125.8746697,59.93225968,17.68369994
175,05CL_2896,B97xCML254,1133.082823,1160.491639,171.0654409,87.9730407,24.4253936,934.0078305,922.3627659,122.9623641,51.83291187,18.31648817
176,05CL_2897,B97xCML254,881.9445728,934.7826578,160.7581558,69.13590244,19.88728168,830.7950562,845.8847215,126.9776747,48.86117562,15.73200216
177,05CL_2898,B97xCML254,930.3345,NA,161.0353896,85.20652438,20.01082154,895.2474772,930.8854546,117.7419687,51.96539679,16.17264033
178,05CL_2899,B97xCML254,920.3603664,982.8035929,125.1403709,51.87334152,19.82141322,859.0799723,880.813434,111.6116854,44.1401349,16.81552568
179,05CL_2900,B97xCML254,1044.540052,1101.352185,161.5267103,84.70643554,23.35192398,882.4756485,905.9179162,137.0465329,67.24510594,19.16194497
180,05CL_2901,B97xCML254,991.09335,1034.009577,144.6110474,79.37403161,22.75066429,906.6920056,943.9783496,124.1583646,62.85911918,18.64262344
181,05CL_2902,B97xCML254,1026.844443,1042.791847,179.9196377,98.16541938,23.93308323,914.4393975,911.3831719,130.9576009,71.51444734,19.44391808
182,05CL_2903,B97xCML254,1136.972934,1179.534679,175.2719962,100.6955077,24.84807929,947.8484796,957.0925489,123.8507385,59.63345979,18.92192076
183,05CL_2904,B97xCML254,996.5806507,1028.521136,159.1224386,85.75754808,22.34471818,908.245142,916.8553749,129.4999427,62.94571978,18.37797013
184,05CL_2905,B97xCML254,977.8114117,1037.90718,148.9228502,73.77223092,21.89673228,876.4461219,902.488529,113.8174021,47.646351,17.87512633
185,05CL_2906,B97xCML254,1039.826613,1110.429549,176.4003075,91.3190257,23.65828567,924.8618684,940.5313602,118.4615007,58.12500573,19.43105901
186,05CL_2908,B97xCML254,1116.219622,1196.301089,133.5020233,68.11542361,22.69979528,913.0619958,916.5907995,113.8632825,49.01448669,17.56841711
187,05CL_2909,B97xCML254,1043.901946,1098.475941,141.6125537,69.05920752,23.49559402,921.9944894,948.1588264,117.3485914,51.68459888,18.9460239
188,05CL_2910,B97xCML254,879.7590108,955.7421824,152.6427551,69.44365618,20.10968123,867.0972344,910.9528395,132.1807585,54.39175066,16.43607213
189,05CL_2911,B97xCML254,946.8662781,976.2576585,157.551909,95.97438636,22.74662461,917.5961977,927.4519915,128.7480084,64.69797958,18.39962468
190,05CL_2912,B97xCML254,1094.905379,1129.998684,163.0010853,84.91572093,24.94560237,938.1566309,951.181592,128.4432453,63.7270159,19.98187084
191,05CL_2913,B97xCML254,907.3384102,958.8942839,141.8300485,72.0859773,20.03193331,851.9805492,860.6791854,111.284627,43.11583427,15.70582928
192,05CL_2914,B97xCML254,992.8406512,1049.584164,193.3140093,101.1320493,23.94806601,899.5970945,913.4309082,148.5492862,79.33386482,19.08953522
193,05CL_2915,B97xCML254,915.9645855,990.9755731,173.3806956,79.13510151,21.33621953,855.6033882,915.5777382,135.1559337,58.34583879,17.74213599
194,05CL_2916,B97xCML254,997.8167938,1024.024486,150.3453118,76.45647811,22.99693715,917.0429892,920.5576006,113.5265535,52.8587039,17.68113555
195,05CL_2918,B97xCML254,1020.767633,1056.760079,158.6391002,74.58595634,21.77734438,931.4316637,934.3558501,125.1357826,57.07088369,17.67745248
196,05CL_2919,B97xCML254,1011.645981,1052.225222,170.7510078,90.81909605,23.58425038,949.2594888,969.7229555,135.786052,64.73889998,19.28117644
197,05CL_2920,B97xCML254,1017.598518,1056.148186,152.9404489,81.37329911,23.12993408,952.529022,972.8070336,115.958258,46.28899322,18.864619
198,05CL_2921,B97xCML254,1046.066058,1090.558934,158.3225413,65.68966919,21.21549856,940.7732197,967.8908877,125.7659663,51.91068597,17.12706815
199,05CL_2922,B97xCML254,1052.778505,1113.469295,154.6072577,78.6625979,23.7965699,948.7021579,971.9307808,117.4236432,56.13517869,19.81429656
200,05CL_2923,B97xCML254,1089.776659,1102.029154,181.2610318,97.36993343,24.1210469,919.0387565,926.9598063,133.6739444,68.35769153,18.40914416
201,05CL_2924,B97xCML254,955.5368212,1003.734236,188.5804197,90.99675695,22.06264424,877.2203772,898.134024,147.149425,69.46778291,18.81555958
202,05CL_2925,B97xCML254,1032.751644,1073.498838,179.0176959,90.55014162,23.11508812,902.8726817,919.6658291,126.4917817,50.35440789,17.98393719
203,05CL_2926,B97xCML254,938.4051921,993.978782,149.4049544,67.14662435,20.37568597,899.7582038,920.2778501,110.8560732,46.89570142,17.68174348
204,05CL_2927,B97xCML254,962.5283854,1045.969959,155.7396307,77.38027708,22.95454824,881.7763753,919.8764093,131.828988,58.71774289,18.3629898
205,05CL_2928,B97xCML254,969.9783594,995.1129889,98.37875013,47.76567154,NA,898.9030342,917.1218026,126.5836911,58.78864738,17.94839967
206,05CL_2929,B97xCML254,1055.862676,1100.846373,172.4664856,96.85452044,23.67473677,888.7894041,892.4419124,137.1431626,75.79295974,19.30295322
207,05CL_2931,B97xCML254,1002.402451,1053.743738,167.9579859,88.97513288,21.65866471,897.3738273,927.0503921,132.8754047,64.06967616,18.18632742
208,05CL_2932,B97xCML254,1003.948175,1055.78246,149.0048834,78.53877637,23.38170603,923.5190674,928.1722021,128.0883016,65.77508328,18.94506197
209,05CL_2933,B97xCML254,970.5237304,1015.88698,184.2378519,93.08082481,22.92971569,897.8507706,919.8758983,131.5757177,65.34690536,19.00113271
210,05CL_2934,B97xCML254,1046.035517,1066.251502,168.0077116,86.98096233,23.44330424,936.0109202,944.459832,134.4745882,70.69026035,19.7227863
211,05CL_2935,B97xCML254,1014.407639,1065.986198,167.9751895,92.79355537,22.73470627,943.9089349,975.0030008,120.5251759,68.10956225,18.87173415
212,05CL_2936,B97xCML254,980.4853939,1046.491862,155.3301021,79.83695875,21.48676451,909.3666183,923.7073321,130.0399514,61.18049606,18.17600526
213,05CL_2939,B97xCML254,1016.694454,1023.872435,180.9637793,96.86200996,22.69370618,919.4677133,902.0165178,125.1673333,60.76768936,17.25521258
214,05CL_2940,B97xCML254,1057.676212,1075.257818,183.4550963,103.4017513,24.10914029,909.5696363,908.8170175,138.3141857,78.51206095,19.60430381
215,05CL_2941,B97xCML254,1050.219303,1098.765201,154.1777494,71.05205375,21.99933047,875.0617897,864.7645469,126.7739821,43.79849123,17.31655118
216,05CL_2942,B97xCML254,989.5015611,1024.54037,165.9162322,87.41695808,23.268753,882.5768656,896.9614325,137.4353536,67.84485354,18.4864908
217,05CL_2943,B97xCML254,1035.792689,1143.194516,140.7951264,67.30395131,21.28714532,897.3362317,936.7192228,116.546018,46.59812691,17.11586793
218,05CL_2944,B97xCML254,997.4181599,1050.005958,148.9321323,74.40237703,22.48014302,891.7710868,925.5110049,122.7757929,61.03021088,18.58481461
219,05CL_2945,B97xCML254,1073.670677,1115.584762,136.9756315,59.83328348,22.08900424,885.0535382,897.1132203,102.9817718,38.73361779,17.14964955
220,05CL_2946,B97xCML254,1003.995403,1056.990507,173.5143337,91.24061282,22.43746566,869.5988125,896.9158693,136.5686661,63.013482,18.00224241
221,05CL_2947,B97xCML254,986.998157,1051.706431,169.8897644,78.19239713,21.61074689,884.5600015,911.6294839,126.9060289,50.45697228,17.29674383
222,05CL_2948,B97xCML254,1044.130843,1110.431379,182.299822,86.68144464,22.40621072,869.0372336,882.2918338,131.8447026,57.15662732,16.88188856
223,05CL_2949,B97xCML254,1008.653031,1051.407525,187.9554538,109.5627767,23.13123578,916.9133645,948.6810704,127.6944245,68.33421729,18.83553184
224,05CL_2951,B97xCML254,975.2069185,1055.423482,152.0929623,71.34719804,20.27360321,850.9062463,883.6846613,108.2053371,41.72931834,16.19428531
225,05CL_2952,B97xCML254,1001.419871,1058.506407,135.148146,52.37011775,19.64919677,901.0875045,934.9252655,115.9667514,46.07695574,15.76447204
226,05CL_2953,B97xCML254,974.170567,1009.537813,164.7807743,80.11791435,22.0261074,861.7155959,866.4665884,131.1025199,54.23025288,17.1423377
227,05CL_2954,B97xCML254,1039.748795,1088.109286,176.4814413,99.53390058,23.31686014,863.5306833,872.2223929,126.145314,60.87597529,17.61181148
228,05CL_2955,B97xCML254,1086.670243,1169.251314,184.1805943,99.06088053,23.58260886,914.9892089,926.7011888,137.4777782,71.28695639,18.94792514
229,05CL_2956,B97xCML254,990.2832198,1035.507174,147.941708,60.92820577,19.32606283,871.191693,889.8160756,126.9700761,55.20433782,17.35842612
230,05CL_2957,B97xCML254,1034.73861,1127.052347,140.2069489,68.49715994,21.42869694,930.0515068,945.778355,105.0019716,41.27583728,17.30285135
231,05CL_2958,B97xCML254,1002.988937,1028.767701,174.097787,96.66681255,22.5383611,889.233565,884.9201536,139.238922,73.59564698,18.80646971
232,05CL_2959,B97xCML254,1182.856244,1276.28889,175.642958,99.38668344,24.48418203,937.361103,966.0173837,132.6607998,68.00945904,20.27725213
233,05CL_2960,B97xCML254,1048.462932,1128.423575,164.079896,79.94103518,22.12218908,882.1456203,894.643294,134.0518782,61.53325259,18.39862589
234,05CL_2961,B97xCML254,979.4324489,1034.624495,167.4913403,92.23121172,22.60779789,888.1022662,903.0737486,140.6398035,74.89541735,19.57543235
235,05CL_2962,B97xCML254,960.7360868,1028.608937,149.7955792,69.89534547,18.95052353,890.9913624,906.184615,126.6826496,54.65009049,16.6688107
236,05CL_2963,B97xCML254,1017.56817,1064.389174,118.4909717,52.98129031,20.50676734,902.4655466,915.0370707,100.6610121,46.12497313,16.81126008
237,05CL_2964,B97xCML254,968.6872416,1055.994871,133.6916831,62.73685505,19.80345264,868.0679244,909.391401,112.7724763,44.24586463,16.01030153
238,05CL_2965,B97xCML254,1166.306674,1174.889529,188.147838,104.7520136,24.98180361,922.5481887,921.5945447,118.8866522,63.09858547,18.19740177
239,05CL_2966,B97xCML254,1008.733192,1084.840055,145.2003915,67.88573971,21.95180656,900.1575482,911.7352083,128.7816746,53.23457424,17.55964767
240,05CL_2967,B97xCML254,1043.284468,1106.931223,157.1296909,79.12635962,22.8455572,953.3793119,964.7608561,124.8174538,59.56700074,19.01984616
241,05CL_2968,B97xCML254,1052.588112,1110.040336,148.5183275,80.28261531,24.24902113,899.8228855,910.5923873,132.1000912,68.57905,19.25683168
242,05CL_2969,B97xCML254,1039.005813,1098.502232,180.1667679,92.90000033,23.66358833,872.4827001,887.1877596,129.1618562,58.90371773,17.88148695
243,05CL_2970,B97xCML254,995.1437613,1088.871661,153.5780991,79.32005487,20.64750227,893.6210688,932.5161718,123.2728831,61.96711872,17.42362593
244,05CL_2972,B97xCML254,1079.000373,1100.770008,181.9220769,92.30799493,23.81146311,947.1040882,960.4912905,132.8120845,65.38292909,19.4524254
245,05CL_2973,B97xCML254,1075.140735,1118.799489,195.9515575,106.3008416,25.89124955,937.1432428,944.6325261,137.4325143,74.66703682,20.51343266
246,05CL_2974,B97xCML254,942.8390346,999.5720303,172.3265126,86.08063787,21.71205484,869.4305152,906.269573,129.3520007,55.4263234,17.89113473
247,05CL_2976,B97xKi14,991.4372089,1030.501129,191.3874798,91.3491562,19.95826463,811.2790514,817.8197048,131.6354073,63.81945655,17.03830131
248,05CL_2977,B97xKi14,1066.814266,1149.703865,154.8747287,72.58744213,21.07551637,864.6262727,915.6992117,110.1087655,54.43449061,16.64766139
249,05CL_2978,B97xKi14,1028.162249,1063.896767,140.9696402,58.70986143,21.72831929,851.6758735,910.6772187,99.41536327,42.60466942,16.76245293
250,05CL_2979,B97xKi14,1072.650304,1156.954564,163.4180567,81.17879332,20.05155617,883.1008548,955.1143406,113.7562597,55.06984779,15.58362426
251,05CL_2981,B97xKi14,1086.494998,1165.812254,185.7259877,79.19389246,21.18721005,855.5401867,900.2170306,132.3475595,57.97676159,15.93505234
252,05CL_2982,B97xKi14,1017.468272,1047.966992,186.55529,72.5387508,19.33790123,841.6312316,879.6166294,124.0516721,47.51931516,15.43850774
253,05CL_2983,B97xKi14,1005.763258,1046.882838,175.1785211,66.04263269,18.8391884,826.9841268,851.2617093,126.3928628,50.25452896,15.30428333
254,05CL_2984,B97xKi14,1173.525716,1234.587565,197.4069051,122.9560156,23.81864761,895.1597219,906.6508881,119.6997152,72.06500181,17.78544405
255,05CL_2985,B97xKi14,1048.864581,1139.205991,182.0498895,72.58388304,21.14175863,875.341246,937.5562149,134.1373699,63.4098516,18.82126768
256,05CL_2986,B97xKi14,1068.043427,1137.643708,176.3902292,68.75030878,21.68791757,877.2060093,924.8213494,117.0395274,46.58382345,16.63668291
257,05CL_2988,B97xKi14,1052.581061,1143.582674,166.892433,80.83771507,19.83228481,867.9131175,947.4510299,121.5624577,61.60019038,16.79222332
258,05CL_2989,B97xKi14,1012.550976,1056.349821,153.8682411,75.45914561,20.43411799,845.4529338,871.1253755,120.795018,54.48017899,17.50768588
259,05CL_2991,B97xKi14,1079.79611,1137.843237,211.0485661,99.50763609,21.25094868,885.1511419,914.0400518,142.8516072,76.92364437,17.78453828
260,05CL_2992,B97xKi14,1048.2354,1112.912009,147.7450526,59.7408779,20.68940314,874.301259,924.6007491,114.1017201,48.60350137,17.1383154
261,05CL_2993,B97xKi14,1074.634297,1150.279309,166.2610349,70.37375896,21.47135925,844.5082456,873.5063016,112.8174042,48.35853986,17.35719152
262,05CL_2994,B97xKi14,1048.117898,1088.447987,147.9915043,64.70781248,21.05657957,912.2724016,922.9560112,99.13436098,53.52562712,17.53764766
263,05CL_2995,B97xKi14,998.5524914,1068.899328,159.0905194,74.79773743,20.89337165,836.4154983,876.6229751,118.993919,58.33938841,16.90347695
264,05CL_2996,B97xKi14,1096.138826,1258.855274,148.1372271,58.38946869,19.59046898,871.7597835,943.1273695,107.1343899,48.79205741,16.24592898
265,05CL_2997,B97xKi14,1114.646318,1185.610031,164.4572204,61.22213275,19.32408216,886.5485354,918.6438769,115.8201942,53.06422511,15.58759551
266,05CL_2998,B97xKi14,1128.092315,1231.490726,146.5163667,55.28953475,20.51301733,889.2943023,975.1656138,110.4185431,51.71159578,17.21665302
267,05CL_2999,B97xKi14,1150.551082,1292.210592,196.542607,89.80238211,22.63268375,899.2228783,948.887812,122.1502106,65.13351937,16.6618535
268,05CL_3000,B97xKi14,1042.952955,1131.497032,167.3598574,71.85059175,21.09692257,913.9750318,1033.977432,100.0189288,62.05125193,17.22690444
269,05CL_3001,B97xKi14,1033.579464,1088.57503,162.2343644,73.5669487,21.00528291,868.0989097,913.220504,113.6223894,54.06321377,17.53067938
270,05CL_3002,B97xKi14,1142.498109,1295.041548,199.3009751,96.39928457,20.9881133,849.7334752,889.1755983,129.5049512,59.69945043,16.26513394
271,05CL_3003,B97xKi14,1033.529303,1105.411668,176.2476831,77.35946157,20.88679115,853.1030588,898.2157907,122.8128097,57.3872136,17.60605552
272,05CL_3004,B97xKi14,1058.235038,1160.776429,135.8847903,50.13849779,17.81636492,858.244426,922.5724467,111.6400292,42.59237302,15.00748064
273,05CL_3005,B97xKi14,1065.302707,1135.956373,156.1319678,72.65083193,19.5853964,829.8831475,865.1836187,99.57115295,45.10577279,14.60401472
274,05CL_3006,B97xKi14,1019.808742,1088.289438,158.2835288,71.00037231,19.32407408,880.6418753,901.0158906,114.2952116,58.20866951,16.41576722
275,05CL_3007,B97xKi14,1007.265789,1055.39027,159.369161,67.2129719,18.05253393,834.3263791,857.3351205,120.8001817,51.35122421,15.56900161
276,05CL_3008,B97xKi14,1039.98802,1110.11477,180.2925896,84.09525683,19.72529494,848.1358477,897.9732545,121.1853208,56.58612723,15.48193852
277,05CL_3009,B97xKi14,1071.9439,1161.365006,157.4561456,65.50411756,20.07879844,854.6473102,929.07368,111.4163121,50.77271594,15.73817515
278,05CL_3011,B97xKi14,1053.117502,1167.439605,174.338017,72.71873062,21.54778091,857.1703383,949.6957713,116.2986379,56.61533577,17.65870613
279,05CL_3012,B97xKi14,988.0558531,1032.373929,159.018264,76.191823,20.50467964,822.5349292,848.222132,121.224683,51.23572323,16.17754759
280,05CL_3013,B97xKi14,1106.224472,1189.527044,189.0832014,95.31498912,21.72798205,891.1220036,939.8921626,127.0123701,66.32688033,17.26513141
281,05CL_3014,B97xKi14,1078.450222,1245.078369,167.962219,64.13588965,18.36842162,846.0860333,945.2727891,126.4862615,50.8247688,15.37879614
282,05CL_3015,B97xKi14,1164.039553,1250.130995,196.94492,88.60414029,22.40702836,863.7544942,887.7413068,124.1007036,57.08508007,17.48214125
283,05CL_3016,B97xKi14,1013.947491,1050.066294,159.4916955,75.70939268,20.21501906,843.1055034,857.0520197,112.4999446,49.28398101,16.20635591
284,05CL_3017,B97xKi14,1036.136937,1065.904755,161.8107384,82.31542854,20.0084172,834.3045831,841.4716419,107.6326086,57.43234688,15.71176344
285,05CL_3018,B97xKi14,1088.424324,1192.121721,178.4671014,77.87412872,19.87841635,840.2185294,877.7065528,128.6765302,60.68423248,15.57306093
286,05CL_3019,B97xKi14,1127.656329,1188.953592,171.6810152,76.24669769,23.43261456,893.4269406,943.1154293,115.0117558,51.89468732,17.86905231
287,05CL_3020,B97xKi14,1056.953706,1137.925139,164.941718,66.16445774,19.63967771,892.0499516,945.2109511,105.1831809,35.09626287,14.64547348
288,05CL_3023,B97xKi14,999.7518732,1043.227294,155.1021223,59.11176706,20.24254175,841.5589376,890.4348232,112.7137641,42.39097798,16.01142519
289,05CL_3024,B97xKi14,1125.144341,1258.701018,146.1976213,61.57736872,20.21913889,839.5257284,917.9254917,107.1769826,47.33913187,15.43887693
290,05CL_3025,B97xKi14,1042.144403,1101.785482,189.0239095,82.50158434,19.53735555,850.6460584,901.5160656,129.9559815,57.04342923,16.07986599
291,05CL_3026,B97xKi14,1100.275516,1233.586808,128.2670107,49.30919464,18.05994466,911.5058005,946.2891201,114.9346263,49.84407369,15.94183621
292,05CL_3027,B97xKi14,1103.436996,1167.487825,179.3205492,86.15297473,21.6667924,863.2130183,892.8123909,121.1837519,56.19360456,16.89944744
293,05CL_3028,B97xKi14,1044.238807,1109.194598,151.0893554,71.48676766,20.83372065,847.02054,892.6599097,127.1268804,60.984008,16.86285454
294,05CL_3029,B97xKi14,1053.890209,1127.177601,189.8764416,80.46926083,20.36911716,842.5395709,907.3211546,128.2987242,57.20351816,16.01935074
295,05CL_3031,B97xKi14,1039.181552,1122.044145,172.6596563,63.19737982,21.4637186,891.7894736,952.2994702,116.3811878,55.77398805,17.97939272
296,05CL_3032,B97xKi14,1039.525343,1084.283764,197.9797561,87.77264895,20.9471528,845.080733,879.9071025,131.0026164,61.63534286,16.32317348
297,05CL_3033,B97xKi14,1102.067232,1224.524159,172.3116496,73.6187992,20.59937752,876.9745573,913.0497285,114.9456095,47.63968177,15.88264986
298,05CL_3034,B97xKi14,1090.278339,1176.148491,185.1046405,88.74794985,20.90155372,837.4214567,861.6886944,123.7720753,54.25667372,16.86852636
299,05CL_3036,B97xKi14,1077.782508,1130.453044,190.4095087,103.994592,21.04308743,873.5436508,916.8046411,136.9886115,70.28303654,18.52549591
300,05CL_3037,B97xKi14,1043.928729,1111.824053,187.9085904,91.77175739,20.81896055,840.2005121,856.429702,128.9092159,59.35999744,15.98832707
301,05CL_3038,B97xKi14,1084.046825,1159.784918,164.7644398,75.18565717,20.00223376,853.9014406,886.3725218,117.6979302,55.45512977,15.98018974
302,05CL_3039,B97xKi14,1086.503299,1139.496337,173.6044052,79.60184208,21.59403364,893.3950835,915.7937112,115.2223905,63.51473206,17.78811788
303,05CL_3040,B97xKi14,1142.776603,1256.879225,175.0247427,67.14088575,19.71807475,914.3454998,951.2358983,112.2109539,53.8792772,16.58206935
304,05CL_3041,B97xKi14,1097.160125,1155.766148,160.0450771,67.56275482,19.89743645,906.512995,976.4745339,100.1954975,52.37247491,16.7846778
305,05CL_3042,B97xKi14,1016.354964,1049.713167,151.866666,71.72477963,20.02968814,840.6260574,855.2467863,113.0395284,51.31732305,16.22738468
306,05CL_3043,B97xKi14,1006.046792,1045.397873,155.3647038,66.3247136,18.94427692,836.5704883,855.9663909,119.6196371,50.19675354,15.18657601
307,05CL_3044,B97xKi14,1125.073955,1186.66563,192.6631462,99.42971127,21.96932763,883.8039704,908.3250832,119.6500332,61.94288476,17.11327499
308,05CL_3045,B97xKi14,1074.269462,1211.669882,156.0788983,63.08394997,19.87592462,874.8181668,941.3135856,111.1830831,50.87608527,16.2862875
309,05CL_3046,B97xKi14,1053.327941,1172.82838,150.8079317,61.51334186,19.99487434,901.0046291,980.3007732,110.3926585,52.6284038,17.59760791
310,05CL_3047,B97xKi14,1080.305003,1157.669548,166.1377726,76.30056307,21.41289347,851.9036981,891.5700445,114.0264575,51.48334867,17.28588211
311,05CL_3048,B97xKi14,1051.198975,1099.035743,171.7661117,73.846166,20.76826017,872.1513653,930.9823093,118.1262159,49.00570033,17.12117959
312,05CL_3049,B97xKi14,1090.439769,1219.593902,165.5215776,57.42425896,18.56697771,875.4997217,917.6525546,120.4964578,47.09348664,15.42520198
313,05CL_3050,B97xKi14,1101.39017,1182.512635,161.3312899,68.33380838,20.9079703,863.2325488,938.1782725,109.8646138,57.67847453,16.77056578
314,05CL_3051,B97xKi14,1048.90845,1090.244728,160.7406543,69.35359292,22.00724218,874.6404519,906.5434591,123.3715071,62.62456161,18.50849173
315,05CL_3052,B97xKi14,1025.76854,1098.949493,160.2699909,70.47345177,19.7860464,860.3284081,918.0833865,117.0883781,51.80048897,15.73880894
316,05CL_3053,B97xKi14,1047.810753,1097.787291,187.5743672,80.44833051,22.75876396,833.7709494,844.1484198,134.8968187,49.86274834,18.15748441
317,05CL_3054,B97xKi14,1046.728074,1093.658013,157.7791694,65.26809691,20.45222124,866.8243149,912.724156,107.3803608,43.02859795,15.90938128
318,05CL_3055,B97xKi14,1060.951047,1108.586805,173.184923,84.14350684,21.37846344,872.3304745,901.7179049,133.779669,73.73351165,17.5977016
319,05CL_3056,B97xKi14,1083.444196,1169.298821,157.2212484,75.64209467,21.96342052,863.6535289,889.2906598,125.717668,61.80511209,17.13937479
320,05CL_3057,B97xKi14,1015.880122,1060.070534,152.4571532,64.26046968,19.94835106,859.3548839,913.9310348,108.472128,46.34038096,16.02513528
321,05CL_3058,B97xKi14,1103.851644,1219.439208,156.8031061,65.27461137,19.33770065,847.8453764,934.2061393,101.4544249,43.77697955,15.01964682
322,05CL_3059,B97xKi14,1130.06705,1217.737784,159.1642649,74.64713668,21.25727416,899.5540104,972.2335472,111.585785,59.93974365,16.84740982
323,05CL_3060,B97xKi14,1022.962069,1078.623607,159.0185583,67.91838817,20.41910382,880.4653013,926.6288505,115.2068431,54.65628843,16.77278147
324,05CL_3061,B97xKi14,1024.023584,1066.71856,164.677031,69.50520441,19.85945473,866.4667009,890.3205252,118.6900552,53.53796144,16.94399909
325,05CL_3062,B97xKi14,1034.490301,1102.579963,169.270418,64.39768708,20.30059045,857.1737235,915.9794381,125.2048164,59.24302991,17.290962
326,05CL_3063,B97xKi14,1020.066011,1076.427809,155.3437304,59.5929657,18.58607682,850.7270603,906.8717683,117.6485191,49.89131003,15.27947294
327,05CL_3064,B97xKi14,1084.023583,1160.882116,161.989077,64.99483787,20.62953808,855.9266032,873.4448488,113.8348888,45.52798152,16.66686963
328,05CL_3066,B97xKi14,1033.488078,1079.59017,186.0001156,81.64637513,22.19599735,847.4498837,877.8328873,126.9998699,63.14176744,17.97197615
329,05CL_3067,B97xKi14,1066.246031,1114.134165,191.1346745,78.88877004,19.80914105,856.1732907,897.7237638,125.4679256,53.53660465,15.3057766
330,05CL_3068,B97xKi14,1040.069653,1107.320601,148.8197388,59.65688517,18.17695578,853.806989,942.0631751,106.8685301,47.13276745,15.2997759
331,05CL_3069,B97xKi14,1133.423322,1190.873627,140.7051278,58.32664196,19.70503471,883.7168179,907.9222956,99.04245592,48.38937144,16.74100624
332,05CL_3070,B97xKi14,1037.203517,1089.024595,170.026049,73.53813136,20.44120795,868.591384,922.534603,114.7488488,52.72236049,16.42146961
333,05CL_3071,B97xKi14,1006.007027,1041.600361,145.7233854,65.49411167,20.1349355,833.1676688,869.4241739,112.2650422,51.52430498,16.69166944
334,05CL_3072,B97xKi14,1051.800223,1137.350788,156.4395923,66.03991042,20.65879667,909.0851416,961.6078526,112.9489668,57.44029108,18.10340818
335,05CL_3073,B97xKi14,1036.706537,1120.295032,181.4208185,75.94719768,20.38327196,877.1290454,941.3243174,138.6818902,63.12514056,17.03562118
336,05CL_3074,B97xKi14,1004.196609,1022.445339,154.0640803,67.06673347,19.50184032,814.9879178,828.7625336,114.1578743,47.50439307,15.31992954
337,05CL_3075,B97xKi14,1062.121174,1138.627948,151.6717383,64.63991593,19.99542525,849.2072942,903.2352803,104.653184,45.31799371,15.88978363
338,05CL_3076,B97xKi14,1011.88622,1050.018897,151.8820906,68.17754668,19.97218257,837.3196738,866.6311497,121.2033115,53.39219324,16.65550709
339,05CL_3077,B97xKi14,1083.093485,1151.042876,162.8867572,69.60249737,21.20605047,848.6432763,877.1116591,113.5339292,50.79357904,15.5504973
340,05CL_3078,B97xKi14,1035.011308,1130.447265,146.0216232,56.21240739,19.3124672,852.2090918,878.9891199,111.6667496,46.78502595,16.03665716
341,05CL_3079,B97xKi14,1026.616558,1075.380053,167.0269458,67.24182586,19.41779406,837.9606299,847.1277944,118.3301569,50.93645265,16.07997459
342,05CL_3080,B97xKi14,1080.539448,1118.007563,161.1437329,65.32657459,20.64098513,895.903283,921.8650732,115.893404,62.23957889,17.1524281
343,05CL_3082,B97xKi14,1020.515079,1106.445258,149.7176731,56.53849814,18.23999165,855.6602735,892.5973749,112.4628745,51.89856809,15.90144697
344,05CL_3083,B97xKi14,999.685125,1045.397614,143.6726653,51.3168252,19.61626087,849.3032475,885.4078631,116.2753572,46.71776436,15.7282585
345,05CL_3084,B97xKi14,1051.706867,1136.133583,131.6795853,49.40088781,19.31652874,874.9450632,956.5855353,109.5158662,47.93294025,16.37809003
346,05CL_3085,B97xKi14,1090.653612,1184.312381,148.7660917,56.21013673,19.42066721,893.0302189,965.075329,102.7452721,46.24182146,16.19979486
347,05CL_3086,B97xKi14,1054.266469,1113.988934,159.4041088,65.56423476,20.93256208,837.3909083,869.0341729,123.9208419,58.13990207,17.29753228
348,05CL_3087,B97xKi14,1017.968403,1079.378666,157.3312063,62.15397397,20.19770685,847.8047123,903.5100799,119.1527492,53.40963776,16.55717396
349,05CL_3088,B97xKi14,1032.157262,1095.802021,141.8620364,58.02100549,20.09226899,888.1580927,940.7211259,109.0572969,57.00546109,17.35846603
350,05CL_3089,B97xKi14,1121.701684,1158.106964,172.996986,88.47280107,22.13331002,904.1488827,918.051446,101.1639464,55.20815735,17.25336944
351,05CL_3090,B97xKi14,1067.331735,1139.910413,178.6522802,69.88179802,20.95427734,850.1459955,891.4558545,117.9327456,49.68054892,16.37829737
352,05CL_3091,B97xKi14,1027.555308,1111.12367,153.5961122,65.56653621,21.44296251,886.2297283,905.9172491,107.1519004,48.83129905,17.55683235
353,05CL_3092,B97xKi14,1199.892058,1296.391385,186.1876913,82.18202599,22.89656021,885.8685037,930.9942345,90.24920412,40.23522721,17.19771163
354,05CL_3093,B97xKi14,1040.627825,1102.045079,157.6367291,64.73552552,19.6983505,844.6796538,878.3030034,120.4025061,57.63816783,16.55944903
355,05CL_3095,B97xKi14,984.2909524,1019.139605,151.848264,59.86961544,18.61720773,805.3272657,813.8413531,115.2718721,41.5257741,15.18774437
356,05CL_3096,B97xKi14,1101.942649,1125.930675,160.6982789,76.12246948,21.25663743,866.932259,871.8583318,112.9823478,55.67289209,16.80176457
357,05CL_3098,B97xKi14,1018.407695,1059.196741,155.2207604,64.96301848,20.23288215,857.2100549,884.7249863,122.5475891,54.45607836,16.76376455
358,05CL_3099,B97xKi14,1068.699116,1130.937858,154.7810276,63.47833676,20.39050208,833.5326898,908.8160989,109.9418118,43.16393272,15.62384007
359,05CL_3100,B97xKi14,1110.312578,1183.866277,168.0600194,79.08365999,19.81418584,909.9429481,947.4710439,127.5506935,66.15239114,16.57838672
360,05CL_3101,B97xKi14,1044.72579,1079.03765,165.9698595,85.09467764,20.76605161,848.4354173,875.1511065,121.6904352,63.82958576,16.48503662
361,05CL_3102,B97xKi14,1040.282093,1100.024069,203.5670423,93.87171051,20.37199821,852.1702982,886.1610411,134.0998165,56.81899281,16.52429343
362,05CL_3103,B97xKi14,1052.856402,1124.69899,164.3982829,62.94111794,19.03601135,837.0023395,885.4918608,110.1799472,42.33153073,14.37603865
363,05CL_3104,B97xKi14,1111.078212,1202.528727,185.8195702,84.68418588,20.62764804,871.3886415,913.5206194,129.5251575,61.75026816,16.30931534
364,05CL_3105,B97xKi14,1051.840114,1115.235062,205.0362047,90.66708512,20.69885323,842.2805539,876.6636322,126.6337077,54.65804805,15.66332116
365,05CL_3106,B97xKi14,1052.144536,1123.831914,168.0883908,70.51750297,20.74869689,865.4962559,942.5997754,127.4154725,54.45919661,17.40574895
366,05CL_3107,B97xKi14,1045.720773,1113.26651,198.0712627,81.63841111,20.68807792,876.8784471,901.3365522,123.6476805,58.53569447,16.51652169
367,05CL_3108,B97xKi14,1107.969842,1210.127374,164.8340558,78.04716615,20.43526097,928.8270154,1033.902626,113.7592422,57.46957167,17.25485109
368,05CL_3109,B97xKi14,1031.210617,1063.409274,194.6852346,88.01521025,20.95410926,873.880979,896.0115735,142.6024515,75.37836669,17.56499755
369,05CL_3110,B97xKi14,1078.459882,1131.352112,150.3090664,62.84617625,19.14156572,866.1538665,891.1784753,124.8619508,55.97464738,16.83963182
370,05CL_3111,B97xKi14,1090.639003,1160.026401,134.2256669,58.45495453,20.88734288,869.4312064,918.3236118,104.2007809,47.3424514,17.22701372
371,05CL_3112,B97xKi14,1024.279841,1095.522488,134.6774852,60.60538982,19.30587474,917.7110856,974.8374462,102.3064228,46.48598364,15.63637209
372,05CL_3113,B97xKi14,1047.623765,1117.358068,110.2045418,46.04455701,18.82556887,864.3902427,934.1397309,83.62708389,37.99687944,15.10713944
373,05CL_3114,B97xKi14,1078.029745,1143.002836,142.8673327,63.0988673,21.43737587,875.785357,917.3543255,107.0432078,46.20334207,16.81663653
374,05CL_3116,B97xKi14,1105.382279,1180.884254,189.0423184,96.0308256,21.61567166,882.2833335,929.2018327,115.3967263,58.85755457,15.85368081
375,05CL_3117,B97xKi14,1066.905641,1142.117866,115.4178511,43.9541184,18.57544151,873.3892668,927.8939711,103.0230939,43.35872226,15.59420017
376,05CL_3118,B97xKi14,1096.957979,1199.578474,210.9119552,96.95389801,22.67588558,852.11786,884.7933799,129.144097,66.17548811,17.1650942
377,05CL_3119,B97xKi14,994.5868708,1036.379923,149.9301307,59.8106136,19.67220999,847.140687,873.0517368,123.5390119,52.16367358,16.03257344
378,05CL_3120,B97xKi14,1107.71677,1164.400517,153.2770993,72.7115717,19.70188988,865.2970337,920.802027,95.16172098,43.39717996,15.75831903
379,05CL_3121,B97xKi14,987.6712389,1019.775849,164.6708253,58.67573877,19.76778642,830.0889347,842.0406094,116.2706511,42.82078971,16.29171865
380,05CL_3123,B97xKi14,1056.8947,1116.457571,180.8853476,73.3375359,20.63224088,843.2180912,882.5692305,126.9295111,55.6326188,15.9734847
381,05CL_3124,B97xKi14,1030.494738,1084.088948,157.3702717,72.01757607,19.85407881,864.3622395,915.0389931,118.8040642,55.16114269,16.03915498
382,05CL_3125,B97xKi14,1004.561266,1072.925225,157.866658,57.43051928,18.86019682,824.1236701,851.6648389,113.3160083,46.30284277,15.08036166
383,05CL_3126,B97xKi14,1093.596093,1212.912426,163.4905735,65.64950061,20.96789789,847.599812,906.6396345,116.456854,49.70823181,16.70144132
384,05CL_3127,B97xKi14,1119.079576,1204.920532,164.4404972,77.42253693,20.54300833,867.8114053,918.771117,109.7093276,54.36068427,16.10208492
385,05CL_3128,B97xKi14,1021.363405,1085.061887,158.7130702,72.55062785,19.46781458,863.3961798,910.3361482,113.9637197,50.97266293,15.58856668
386,05CL_3129,B97xKi14,1061.603709,1123.819449,172.6291703,69.34405431,20.650018,856.3865162,913.8549226,115.1301306,45.43895614,16.61509971
387,05CL_3130,B97xKi14,1137.359595,1211.004867,189.4829296,97.01706019,22.47115362,883.34027,917.5486885,132.1782936,70.80031371,18.1410695
388,05CL_3132,B97xKi14,1019.916326,1081.357342,187.5763759,82.25361602,19.9961961,846.2554065,905.9608226,127.5788592,58.13232074,16.21441249
389,05CL_3133,B97xKi14,1008.091848,1050.133149,163.4332629,59.23865754,18.54961809,823.4462141,855.8350213,113.4136334,41.50303281,15.03209966
390,05CL_3134,B97xKi14,1043.982021,1101.959889,170.0754198,80.34065929,21.90018756,860.9592897,898.935636,125.8887988,55.31671238,17.93337318
391,05CL_3135,B97xKi14,1084.793367,1219.064402,162.9183801,56.81067377,19.5910941,883.4342959,957.3695383,120.2083619,53.01635551,16.7206127
392,05CL_3136,B97xKi14,1110.479979,1195.475143,163.0879422,55.77999146,20.91227181,907.4821257,965.4838428,103.2938854,41.18704363,16.2237774
393,05CL_3137,B97xKi14,1038.562364,1111.973238,194.354961,80.34633724,21.75258032,863.8961838,890.0513123,122.0075112,55.44479833,17.29167463
394,05CL_3138,B97xKi14,1165.523738,1230.410855,198.4478503,90.6530656,21.85571677,882.078603,907.7868436,127.7883466,64.27934143,16.95170121
395,05CL_3139,B97xKi14,1099.960712,1140.950482,160.3912863,69.03397632,21.10455376,873.3682879,898.5223961,114.0132133,53.83559487,16.10590247
396,05CL_3140,B97xKi14,1026.242221,1053.015728,146.6538955,66.00235001,20.44590265,854.5814662,850.5779335,113.0966379,51.75959439,16.87561124
397,05CL_3141,B97xKi14,1096.136973,1221.554127,170.4873571,65.89201748,21.31898496,860.541823,921.7727374,113.4695183,43.32761661,16.43738724
398,05CL_3142,B97xKi14,1079.265706,1129.832604,148.5099793,67.48381848,20.5524451,893.9584639,944.6455551,96.97796088,43.57926455,17.41920043
399,05CL_3143,B97xKi14,1116.178388,1204.352956,179.3986081,80.83373503,20.6630252,837.4034338,859.8757829,122.1652932,54.73648432,16.06431679
400,05CL_3144,B97xKi14,1104.09195,1232.60483,157.7055107,57.6683733,19.3050668,881.4483148,959.4999369,98.2180586,44.14267392,17.3453535
401,05CL_3146,B97xKi14,1061.928302,1158.093825,174.602444,70.40559652,19.74065176,916.8655002,962.1092046,108.8427555,54.3266843,16.28282048
402,05CL_3147,B97xKi14,1013.330338,1062.895455,133.0239771,47.4227015,18.54884288,839.4238889,869.1851576,113.4651057,42.42247761,16.3592955
403,05CL_3148,B97xKi14,1035.273191,1051.830657,167.0762943,81.68958842,20.32061568,849.7423528,860.5189273,113.3322477,53.78746969,15.43496993
404,05CL_3149,B97xKi14,1063.142182,1150.511881,149.3654301,59.80856398,20.25404505,875.0055866,943.4551421,117.7982324,57.11171068,16.97105162
405,05CL_3150,B97xKi14,1039.969935,1067.999314,165.6193449,84.56876206,21.19306743,840.5460051,850.7647879,128.8086731,66.4966765,17.63387528
406,05CL_3151,B97xKi14,1101.350585,1176.170723,209.6213636,100.2408768,23.13649735,862.6479953,919.5482598,128.1340537,66.240762,18.5832956
407,05CL_3154,B97xKi14,1084.966844,1169.948772,177.8054006,82.57711734,20.26235849,853.3321666,886.9262747,115.5894204,55.87359859,15.56631164
408,05CL_3155,B97xKi14,1145.38892,1274.972353,133.7585397,66.17095231,19.90380434,900.2214691,947.7260647,93.07150611,43.1286126,16.11945635
409,05CL_3156,B97xKi14,1065.410872,1116.811807,188.0123168,90.14347748,21.23116524,864.3415215,890.2219105,132.2002579,66.559242,16.25831126
410,05CL_3157,B97xKi14,1029.848435,1098.375669,196.5942083,92.21543184,21.66261255,835.8846086,850.6315746,137.0144746,63.41163417,17.01638534
411,05CL_3158,B97xKi14,1086.334458,1176.198459,154.6527239,71.52592028,20.21384826,849.0463691,919.0443034,110.7386444,49.45676806,15.5288889
412,05CL_3159,B97xKi14,1040.41392,1101.481659,172.7218586,86.86704555,21.61203414,870.5822479,904.6373258,115.4761124,64.43677472,17.4070983
413,05CL_3160,B97xKi14,1051.226447,1120.246893,172.5844325,74.49132656,19.25881087,862.9363304,904.6911721,116.0718489,52.62000476,15.39335307
414,05CL_3161,B97xKi14,1038.651669,1124.84193,192.8276891,80.48026816,19.59548934,856.211635,915.9703026,130.5977734,59.09007136,15.80553129
415,05CL_3162,B97xKi14,1129.294561,1245.628319,156.8647007,70.00597741,23.05587781,854.8131788,903.1462868,121.462873,59.58223833,18.65674113
416,05CL_3163,B97xKi14,1050.555172,1100.061569,169.6538148,70.64978912,19.8714303,834.3878018,861.1951786,121.8940196,49.25553066,15.8999019
417,05CL_3164,B97xKi14,1065.166544,1090.208261,169.6655384,66.38068301,21.43749001,839.4786652,880.6142818,117.8004135,45.4390291,16.37227549
418,05CL_3165,B97xKi14,1032.809303,1089.59554,177.4627009,84.22647833,22.69697725,842.7240145,875.2896401,119.4587161,57.66756096,17.72246305
419,05CL_3166,B97xKi14,1027.336632,1071.316552,150.7868589,76.21578576,20.12970256,848.8261862,871.1371621,119.9373273,62.18718879,16.7537026
420,05CL_3167,B97xKi14,1057.133489,1110.1704,147.2634738,60.74234452,21.92533803,840.6284891,898.6312724,106.0215735,38.80746685,16.66924227
421,05CL_3168,B97xKi14,1038.216643,1096.935089,183.5812857,87.89184249,21.42288852,830.9553277,860.0138388,134.5581134,66.96830526,16.78727935
422,05CL_3169,B97xKi14,1087.9689,1129.220703,169.0839477,73.4970148,22.56108489,885.0086871,937.04873,124.3699872,59.14548214,18.48033658
423,05CL_3170,B97xKi14,1032.739019,1095.418681,141.935601,60.79586886,18.73405117,879.0978971,935.8514465,112.694334,56.30649814,16.15393131
424,05CL_3171,B97xKi14,1068.588871,1139.970962,154.3849599,63.8301882,19.2697969,859.086806,923.8179546,109.3296881,44.18213664,15.09671267
425,05CL_3172,B97xKi14,1035.61343,1096.936083,163.5803613,73.58013744,19.6299445,859.4128596,922.9982052,106.5875655,47.8345556,15.58146531
426,05CL_3173,B97xKi14,1047.578798,1079.636272,178.8895431,86.53969344,21.43854059,836.2400759,846.5443668,129.2732332,68.98960617,17.06354325
427,05CL_3174,B97xKi14,1020.312628,1088.047342,148.0240973,68.63407243,21.54261184,848.122207,873.2004357,115.477888,54.19860892,17.52646522
428,05CL_3175,B97xKi14,1025.976026,1072.056101,155.0169027,78.36793359,22.45041638,863.654719,906.6905403,115.5976686,59.05647675,17.69148488
429,05CL_3177,B97xKi14,1015.882418,1114.902391,157.7744753,67.13881367,20.12305936,842.262821,915.8989359,119.6644518,53.65146403,16.64936295
430,05CL_3178,B97xKi14,1075.076279,1150.831283,166.2239014,72.93532629,20.54648995,877.9358103,938.4068005,118.2951164,63.05533041,17.41109541
431,05CL_3180,B97xKi14,1042.989309,1084.033242,165.7828018,73.07379377,19.82098779,853.895119,870.0212391,122.1506856,56.44634374,16.91140989
432,05CL_3181,B97xKi14,1034.054239,1060.758309,167.997465,72.00860357,19.35043029,837.5125277,861.5450334,132.0352072,63.53163803,16.61174905
433,05CL_3182,B97xKi14,1026.681154,1060.044389,154.7593982,64.27766198,19.56268415,848.4799944,873.58043,104.3086721,45.58101449,15.92644202
434,05CL_3183,B97xKi14,1033.68558,1055.430234,184.3338636,85.78117762,21.85137534,859.5426599,884.0819077,126.7842833,61.86099838,17.25067201
435,05CL_3184,B97xKi14,1010.784708,1064.848206,164.6134595,77.49107697,20.37654005,858.0114016,906.987009,121.0906111,57.51592878,16.55999689
436,05CL_3185,B97xKi14,1046.46701,1076.414747,156.7449106,67.78772736,20.82539445,882.68444,917.3143335,109.398698,49.5201836,17.39980526
437,05CL_3186,B97xKi14,1069.924778,1136.150101,182.9999686,79.88993041,20.61514879,837.3685979,879.108139,118.4103312,51.653052,16.17006067
438,05CL_3188,B97xKi14,1071.607696,1150.302136,172.2095577,71.75529473,20.22860262,870.9403865,913.1043393,120.6075573,53.05896034,17.54202343
439,05CL_3189,B97xKi14,1082.984336,1155.565022,176.4856257,81.48281258,21.93713137,884.7594785,940.1129962,112.9310967,53.92399551,16.87005947
440,05CL_3190,B97xKi14,1130.781674,1187.315997,182.5667992,96.61204675,20.55495189,889.7755304,923.8239899,121.036106,70.4376246,16.2180649
441,05CL_3192,B97xKi14,1060.671068,1109.137739,126.5177098,62.67337339,20.8036188,886.3283481,925.8001389,99.82666062,56.97199774,17.54411993
442,05CL_3193,B97xKi14,1066.751493,1121.944059,164.5186922,65.64268523,20.60247555,883.5136158,950.2814884,104.6823469,56.58913915,16.66615475
443,05CL_3194,B97xKi14,1147.359103,1286.190714,165.8819495,83.75640232,22.47628822,882.1604063,904.451188,114.142089,59.75378089,17.32166127
444,05CL_3195,B97xKi14,1055.548,1126.38575,138.3311851,58.89252918,19.87691341,895.9366863,954.1451798,102.1082393,49.62625005,16.81396488
445,05CL_3196,B97xKi14,1122.624418,1187.50009,205.4323273,107.9478694,22.24717461,896.7515066,930.0072529,127.9863701,71.37068549,17.52799785
446,05CL_3197,B97xKi14,1124.287389,1182.137814,147.2539269,57.59279154,22.53371634,891.3601873,951.5144358,94.02577035,45.71873847,17.71616448
447,05CL_3198,B97xKi14,1168.651621,1236.474165,179.7726453,81.63554304,22.0624758,956.2781872,1011.999894,113.0382337,52.26756137,16.91873541
448,05CL_3199,B97xKi14,1036.501039,1103.310573,155.106973,76.48525141,21.09529697,855.0500049,878.6229455,112.531359,51.6822124,16.45105371
449,05CL_3200,B97xKi14,1065.782096,1155.068779,172.9311921,87.91006041,21.48089818,874.4337592,928.0565359,124.6163469,63.22609739,16.50818148
450,05CL_3201,B97xKi14,1002.630466,1046.090483,147.9795594,63.01610408,19.06257145,837.2536742,864.4348905,113.7642176,44.61268631,15.01507334
451,05CL_3202,B97xKi14,982.9599967,1054.822704,152.2537098,53.16930521,18.34572716,826.6007196,880.8026701,112.8206192,39.8104086,15.60495654
452,05CL_3203,B97xKi14,1048.867534,1135.511745,159.4880413,68.03790501,19.85848865,889.242991,962.0089435,118.0086666,55.98512987,16.68906571
453,05CL_3204,B97xKi14,1074.614461,1118.948861,164.5030905,68.99887613,21.66583034,863.4039657,893.8831495,112.5759585,47.9400075,16.97613234
454,05CL_3205,B97xKi14,1118.518894,1168.261892,184.9120341,84.61388785,20.3973811,929.8178087,981.7994926,108.4852398,65.35939504,17.1047418
455,05CL_3206,B97xKi14,1128.167625,1168.857717,176.3790603,79.12688893,19.24713159,854.5804533,873.1475174,113.5249096,53.98452453,14.32354804
456,05CL_3207,B97xKi14,1081.131402,1128.26089,142.2629531,57.74652056,20.65942758,883.8457057,925.1577313,102.8121604,49.42430692,17.66725981
457,05CL_3208,B97xKi14,1155.263631,1248.426645,166.5043522,81.85737537,20.98038753,918.8020169,976.266365,117.190863,59.84904718,17.40855392
458,05CL_3209,B97xKi14,1141.39608,1265.30785,187.7671636,83.37851921,21.39433482,923.0033116,985.5394899,119.2955885,62.08400663,17.19051005
459,05CL_3210,B97xKi14,1120.510873,1245.358235,188.9029241,102.6063195,22.23044338,888.3211924,932.6259618,124.8264049,72.48214652,17.18633648
460,05CL_3211,B97xKi14,1157.009519,1300.218523,162.5347148,72.85844489,23.17709117,892.3586178,925.8276699,109.2051682,48.57536127,16.62072617
461,Kb002,B73xKi14,897.707929,924.6236932,202.3211415,82.51543287,20.77087202,884.4726031,912.2226904,135.6002374,64.19444282,17.79566425
462,Kb003,B73xKi14,927.7884191,974.3918029,214.1913063,105.9891046,22.02608547,903.6949234,947.1218214,143.2279455,77.6476538,18.60606403
463,Kb004,B73xKi14,859.1061731,875.0487719,204.7433176,84.14466534,20.40574982,894.4297542,915.3533609,136.8239209,59.82466628,17.57464612
464,Kb005,B73xKi14,920.1407453,983.019481,213.0527251,90.36311948,21.2895083,904.7998097,933.6210935,155.5025704,71.55286913,18.82708216
465,Kb006,B73xKi14,902.6406607,915.8948965,207.4210041,92.85474544,20.89381533,871.8426311,887.8749345,149.4628544,69.73702653,17.79566425
466,Kb007,B73xKi14,969.854807,1039.523121,220.6460251,104.9777254,22.95552559,912.8672647,952.2200483,140.1569642,73.3941778,19.04810028
467,Kb008,B73xKi14,936.5740922,957.49671,205.1348981,93.29992589,22.79623483,888.1854655,916.0918276,134.8618496,68.87464116,19.41646382
468,Kb010,B73xKi14,890.4338237,906.1690101,178.8683646,78.25726584,20.18887354,876.2968424,899.1494698,135.3617956,62.88784677,17.13260987
469,Kb011,B73xKi14,904.7827024,899.4220465,201.1474795,85.83894682,22.03808012,892.6827359,909.051171,136.5184288,64.20446776,18.3113732
470,Kb012,B73xKi14,890.5691019,930.3379818,189.3740456,74.59303398,22.18022349,881.9721928,925.9875539,132.4927363,56.90942825,18.75340945
471,Kb013,B73xKi14,874.7115782,874.8126353,179.6554787,78.21351716,21.13580686,857.3854671,871.4742946,129.7671105,54.64901268,16.80108269
472,Kb014,B73xKi14,863.4548613,894.3770363,203.4824343,91.06541475,21.5331059,876.4670193,910.0013065,142.4985788,67.86314017,17.72199154
473,Kb015,B73xKi14,884.1988082,927.9258871,181.0128482,81.61953148,21.14552269,862.2716688,881.5794778,140.6595851,62.67474693,18.37530309
474,Kb016,B73xKi14,882.9008252,926.8883836,151.5333735,63.41240192,21.15538577,883.9954134,905.2594336,124.8090943,59.47740884,17.27995529
475,Kb017,B73xKi14,884.8474087,901.7933109,202.1959617,85.78786213,21.07817323,891.482059,919.456296,135.7788804,62.19814817,17.94300966
476,Kb018,B73xKi14,924.7833665,975.5102268,208.5997666,90.41819121,22.45925725,912.2756021,955.6135037,134.1654119,64.39288656,18.27453685
477,Kb019,B73xKi14,883.0251704,947.2349287,198.1761377,81.5563631,20.26216185,883.3772575,982.4187506,135.3795096,62.58601816,16.61690092
478,Kb020,B73xKi14,906.4103187,940.8251961,186.9541756,80.01719468,21.44744251,900.5782925,927.3429058,138.5459998,70.92157399,19.49013653
479,Kb021,B73xKi14,908.4862372,942.2551551,193.5837049,82.30411655,23.04926258,893.6094761,914.9341,134.2440738,64.31323013,19.41646382
480,Kb022,B73xKi14,876.9430166,902.6230895,201.0180485,73.52085244,20.41898972,878.5065001,908.106363,127.9472475,45.62140559,16.83791904
481,Kb023,B73xKi14,868.0065745,882.1717732,177.4636664,62.84030645,18.96202249,875.6002749,883.270712,133.1235969,54.35312146,16.69057363
482,Kb026,B73xKi14,893.1426877,936.448967,197.4813544,88.61207875,21.7076483,871.6822367,893.4933577,143.9854335,67.76796266,18.38504591
483,Kb027,B73xKi14,910.2175539,968.1873831,211.9805493,86.37501792,21.56401652,893.3472452,935.7868079,147.394763,77.91892172,18.82708216
484,Kb028,B73xKi14,906.4010744,948.8989383,205.3780686,89.10995294,21.22162666,885.6091106,932.0533461,140.374619,67.17122955,18.53239132
485,Kb029,B73xKi14,902.2990495,940.8964769,210.030618,96.33262266,21.48336568,895.4621282,922.0866219,139.2606454,72.00088191,18.01668237
486,Kb030,B73xKi14,951.2232919,988.8910361,177.2746328,76.82108274,22.0132246,931.9152151,980.9245555,117.1325483,54.69137011,19.12177299
487,Kb031,B73xKi14,877.7980091,929.0985765,207.7161468,94.33845324,22.71688011,885.1456197,923.5594014,139.8545015,64.53429724,18.12719143
488,Kb032,B73xKi14,849.9029966,871.913582,201.6959224,79.78988586,19.36073379,891.7858466,928.4474878,130.738214,52.44569683,16.76424633
489,Kb033,B73xKi14,962.3498646,1047.153142,201.5211998,79.18954388,22.86269956,897.5714593,929.9002305,139.8043254,66.91793064,19.45330017
490,Kb034,B73xKi14,972.3925178,999.6102045,213.0824621,94.25977211,23.32761109,895.2277762,917.1956166,134.0964771,66.00855068,17.61148248
491,Kb035,B73xKi14,948.6921038,1014.170412,206.8938693,97.28319201,22.70552851,902.6442111,921.0460407,133.2758761,58.8564946,18.16402779
492,Kb036,B73xKi14,939.1956657,978.6354023,209.6396549,95.48210087,21.12244299,915.8191731,947.4658135,134.5663698,68.02426715,18.38504591
493,Kb037,B73xKi14,966.9999677,1042.880752,240.829197,110.4247381,22.30984974,890.7845682,916.7155742,160.4623441,75.72513566,18.86391851
494,Kb038,B73xKi14,911.3592594,953.9479385,198.0702899,99.37118163,21.0598852,898.8007273,922.9010711,132.7222139,66.03051491,18.16402779
495,Kb039,B73xKi14,872.3637566,898.6367397,176.4489022,67.38159271,19.55982625,919.9120861,949.8672411,115.777866,51.70152581,17.24311894
496,Kb040,B73xKi14,867.8105739,868.3026177,195.2777261,88.82401559,20.39454584,872.5434566,886.8228463,139.9859815,64.72876333,16.91159175
497,Kb041,B73xKi14,877.8327117,919.3496708,186.5102699,74.60355061,21.1129471,871.8314412,907.1807665,126.7489564,48.89932999,16.61690092
498,Kb042,B73xKi14,844.9181767,854.3808175,190.1270609,87.802071,20.54386453,873.670794,887.5885467,143.0655825,70.11430698,17.79566425
499,Kb044,B73xKi14,914.2775658,936.9285525,207.7694023,101.5418471,22.9539477,899.8715881,919.6631625,140.3445185,73.23611154,19.49013653
500,Kb045,B73xKi14,877.419327,914.9604675,197.2623718,79.19758805,20.68658047,894.4709036,915.7812592,142.4192583,70.3077774,18.01668237
501,Kb046,B73xKi14,897.8957172,952.2988512,198.3575881,93.79496104,21.17492202,888.3051203,911.8419465,134.8497868,69.77666342,17.94300966
502,Kb047,B73xKi14,893.7318592,913.9111442,198.904499,88.22325678,21.46684087,894.4899013,918.4096247,135.9723541,62.14709772,18.60606403
503,Kb048,B73xKi14,884.6885632,962.8481348,188.5301298,81.95415489,20.68784998,890.5657981,951.0018054,136.864268,61.98310145,18.09035508
504,Kb049,B73xKi14,906.5439706,943.4355507,223.5150089,97.40144928,21.95607576,876.4366816,905.6845693,140.1744194,64.0097194,17.20628258
505,Kb050,B73xKi14,924.2689215,949.3945832,221.1847501,91.59192477,22.93639233,882.8515437,903.4437109,140.0024828,66.86845061,18.38504591
506,Kb051,B73xKi14,872.6488786,891.0348632,207.7036199,78.61431566,21.08179526,858.6309443,875.007136,142.2164923,54.13555003,17.50097341
507,Kb052,B73xKi14,907.8074613,909.5160308,196.6251892,81.3239374,21.46966989,905.4047368,929.680339,133.7373796,63.53823372,18.75340945
508,Kb053,B73xKi14,923.7899624,972.3866,200.537044,85.66908481,22.81060119,871.7576881,885.4709282,137.1798644,56.27852992,18.3113732
509,Kb054,B73xKi14,908.0309577,937.1227823,215.6177005,99.40294624,22.47966525,887.6501204,915.9244477,152.6207422,79.69191117,19.04810028
510,Kb055,B73xKi14,891.5917951,931.5655443,200.8932233,89.93440111,21.88470314,887.5247223,906.557116,142.7042481,70.40872072,18.3113732
511,Kb059,B73xKi14,874.8208183,912.4679357,190.994023,81.22318227,19.77425867,892.6611057,920.5740193,129.9254237,59.00371457,16.98526446
512,Kb061,B73xKi14,965.7687467,989.1000036,205.9419632,94.9230232,22.49266792,899.740621,926.4007045,149.9973919,77.21972377,18.90075486
513,Kb062,B73xKi14,913.7459312,954.2893238,206.9524963,77.42601934,20.30445053,894.3476599,926.8405635,132.9763072,59.03015811,17.50097341
514,Kb063,B73xKi14,884.0868638,915.0501198,209.2581223,86.10874267,21.25898083,881.9616035,908.1043314,149.4055403,72.28106276,18.90075486
515,Kb064,B73xKi14,886.5681224,918.4034766,201.9445464,86.37096793,20.88286441,889.732263,924.0902472,148.8833028,71.24885357,18.05351872
516,Kb065,B73xKi14,898.1279656,964.9594581,190.7559588,82.55656383,21.5848971,905.2953673,943.8682282,143.4681458,72.57453742,19.04810028
517,Kb066,B73xKi14,883.7477713,958.9634134,192.6999738,76.7271884,21.39988098,887.2063817,923.3786907,144.7584256,68.96921048,18.60606403
518,Kb067,B73xKi14,890.5300078,915.2767765,197.1707275,88.9605066,22.98974886,888.5141067,899.3128944,129.7929113,64.8906693,19.15860934
519,Kb068,B73xKi14,1039.767781,1147.916205,196.5854334,92.43610833,22.85676349,908.5688289,939.3537299,115.4994237,60.77817586,19.23228205
520,Kb069,B73xKi14,887.0374033,918.9598276,216.1758377,104.5990021,20.28537896,890.4858131,927.7763103,148.3113712,70.47177536,18.3113732
521,Kb070,B73xKi14,877.6496917,925.7357909,199.4161368,73.1441027,19.14816266,879.5104405,916.719412,131.6305852,52.79331139,16.32221009
522,Kb071,B73xKi14,975.4798411,1037.41451,211.2189701,98.94472083,19.89993374,934.9401878,962.0426516,133.1739852,70.91160533,17.79566425
523,Kb072,B73xKi14,895.4590997,927.8758629,210.6778121,77.41317243,19.98574266,911.2857541,936.7722786,138.8062726,62.88663116,17.94300966
524,Kb073,B73xKi14,910.7338426,936.5996307,202.9782449,85.373505,21.19739092,905.720356,936.5037638,139.7453898,68.90274215,19.01126393
525,Kb074,B73xKi14,933.0242492,992.2684762,207.6920099,87.91842262,21.99415495,906.8560319,946.8120585,141.3589666,75.49728451,20.37420902
526,Kb075,B73xKi14,888.494192,924.1816848,211.1960899,99.13115488,20.33237801,905.2705351,933.3131201,154.877691,80.45930004,18.53239132
527,Kb076,B73xKi14,877.1552192,890.0867258,206.5143107,87.39247047,20.24485037,880.3838686,897.1603291,142.2165664,63.68082338,17.05893717
528,Kb077,B73xKi14,961.2068718,1015.146833,215.8856099,104.369397,22.41104296,902.0960913,919.581537,142.2233814,72.9379847,18.45871862
529,Kb078,B73xKi14,898.1378734,928.545874,175.4871663,65.81524502,20.51437074,882.4334038,931.395831,134.9078713,58.3062161,17.79566425
530,Kb079,B73xKi14,922.2253647,971.2309849,204.6082145,84.94491417,20.063717,895.3662347,940.5786553,137.64082,68.61207771,17.90617331
531,Kb081,B73xKi14,913.0371785,944.0869215,205.6264891,83.55083158,19.62855529,898.5646092,923.8132533,145.941802,71.85954781,18.23770049
532,Kb082,B73xKi14,893.4535214,942.2371579,202.6233925,85.80369823,21.25549611,880.5599306,907.6668031,138.2921074,59.20441343,17.75882789
533,Kb083,B73xKi14,841.9119818,852.1717578,187.9074358,69.14279469,18.70458723,864.7610459,884.4537747,134.5945843,53.28463795,16.4695555
534,Kb084,B73xKi14,848.1727425,911.3001564,196.1938303,73.26975008,20.75563525,861.7163985,892.8725102,145.4069377,65.455978,17.86933695
535,Kb085,B73xKi14,885.2898831,929.0289933,210.0616533,91.76959292,21.82015915,874.3204473,920.9116566,140.5475869,63.09519051,17.50097341
536,Kb086,B73xKi14,906.0217929,911.4985189,199.7433478,89.65069918,21.09982599,890.7576687,920.9544097,135.9558845,67.88315935,18.12719143
537,Kb087,B73xKi14,886.6559469,935.1591516,191.9333322,86.68695498,21.36491201,896.7860996,924.5951969,129.5611164,52.59679433,18.00230526
538,Kb088,B73xKi14,857.8714672,908.4182513,200.9819868,79.22547839,21.23601806,873.8442019,897.054613,147.2502323,68.78498482,17.75882789
539,Kb089,B73xKi14,842.4115084,878.9686513,197.8766091,82.05034903,19.43682541,872.5225761,911.5733243,142.3646932,64.12553068,17.13260987
540,Kb090,B73xKi14,898.9323118,960.9612836,207.4554593,90.01950601,21.72310455,878.2440612,905.9053473,139.1005856,65.27794506,17.13260987
541,Kb091,B73xKi14,904.7157261,950.2886216,204.6822062,91.63933801,21.64495548,899.7015886,919.3107223,134.6337137,65.11013243,18.82708216
542,Kb092,B73xKi14,906.7485985,918.1796042,221.4726395,91.13654511,21.62588123,899.0497138,932.6052168,146.5465474,71.03803447,18.75340945
543,Kb093,B73xKi14,909.5907709,931.2298424,215.6928441,99.48576312,23.07607039,910.6061588,926.4799259,134.6630484,72.19406834,18.60606403
544,Kb094,B73xKi14,868.6413382,916.6549079,194.3486198,82.94781132,20.64780433,872.3657276,900.5177015,141.8333551,57.45435727,17.94300966
545,Kb095,B73xKi14,895.4528783,912.5118911,192.7458466,81.31473232,21.14777274,899.982724,916.2464255,135.7967091,70.96980761,18.75340945
546,Kb096,B73xKi14,914.9228813,991.9735768,189.6237764,86.69152772,20.47612105,890.2275248,926.2919643,140.943436,68.78451192,17.79566425
547,Kb097,B73xKi14,936.116894,975.6236309,202.514284,93.09881473,20.26938373,887.8997405,904.2447912,147.7413146,73.83840006,17.64831883
548,Kb098,B73xKi14,906.6033887,923.2395931,198.8600463,88.82975489,20.73340883,868.3424909,884.609977,130.3601656,60.62723861,16.98526446
549,Kb099,B73xKi14,943.8238487,1016.945235,206.7962522,101.1071636,23.94898321,920.8818459,969.1088171,138.3071227,69.21945781,19.89533642
550,Kb100,B73xKi14,928.4938148,956.1226614,203.5714718,88.74670555,22.57293575,877.7299993,896.0366863,136.7806218,64.20732417,17.353628
551,Kb101,B73xKi14,934.2253,980.3260158,204.2313615,87.37287357,20.05190391,885.2784462,920.0241197,142.6751704,65.40680869,17.353628
552,Kb102,B73xKi14,876.1061612,915.6682451,188.0819247,89.56312298,20.75544241,872.0701763,908.3967709,141.750026,61.12896677,17.50097341
553,Kb103,B73xKi14,879.5549244,930.6746355,204.8819388,84.74090603,21.9538508,892.1099964,928.7389124,139.5569187,64.07435513,18.53239132
554,Kb104,B73xKi14,877.427386,908.7074373,212.2224346,88.67347771,20.44726651,885.3673997,908.9752792,139.7806754,57.09968068,17.13260987
555,Kb105,B73xKi14,870.2521405,900.8165068,195.2593562,80.87249929,20.97496387,882.8651991,907.8666952,136.4384492,54.39541639,18.23770049
556,Kb106,B73xKi14,901.0437405,940.9815701,206.2010133,78.92504021,22.65455647,906.3026393,933.6862149,137.6210006,65.37816084,18.97442757
557,Kb107,B73xKi14,919.2196388,942.8497369,216.2093429,96.06152295,22.74233801,891.9980053,913.2671896,140.9751446,64.23834224,19.04810028
558,Kb108,B73xKi14,1019.532797,1106.982871,209.4616511,90.12761959,20.68343368,921.4904829,966.3160272,130.73668,68.9935666,18.45871862
559,Kb109,B73xKi14,913.5058809,952.3315948,226.6511394,106.464376,21.34019885,885.6768724,909.1944977,152.6857739,90.67322744,19.71115465
560,Kb110,B73xKi14,901.4099316,932.9179724,228.8542255,101.5702453,22.3516051,899.8144363,930.3993113,147.4410977,72.13060861,19.60064559
561,Kb111,B73xKi14,982.1879838,1000.975504,225.5506508,114.4080492,24.48876051,904.5805077,928.0420256,143.6279053,78.62839448,18.53239132
562,Kb112,B73xKi14,874.1837353,904.9235778,198.8099838,83.42905816,20.8451421,879.7243396,894.0152033,130.1052379,55.07186312,18.01668237
563,Kb113,B73xKi14,910.1546544,952.4535344,188.4224809,83.45090893,20.95002094,910.7619693,934.3218445,121.5312634,59.21392784,18.38504591
564,Kb114,B73xKi14,940.0626483,983.7686858,204.005805,95.42650464,23.90609971,906.553929,937.0342096,146.0326619,88.59958298,19.56380924
565,Kb115,B73xKi14,915.9348355,1035.92187,206.2533045,95.51163125,22.89767088,896.6117039,944.318524,150.5070115,75.07519849,19.93217278
566,Kb116,B73xKi14,908.603628,1017.248035,212.8828082,105.3716265,21.66608812,894.740093,944.2792258,150.2858753,71.38952013,19.34279111
567,Kb117,B73xKi14,848.3899202,852.5398658,206.0017061,80.61715606,21.12331582,881.2250362,899.712483,139.782694,62.87694768,17.353628
568,Kb118,B73xKi14,924.0608369,969.2322234,207.2112521,95.34033187,22.10763534,899.2973212,920.1568715,152.6283032,86.5997013,19.08493663
569,Kb119,B73xKi14,985.2626748,1109.691469,210.9703791,108.1723577,22.76276992,897.64583,923.4112914,140.7046604,76.28683127,18.90075486
